Budget_M,Genre,Runtime_Min,Critic_Score,Release_Month,Star_Power_Index,Success_Label
95.74717559476946,Comedy,143.22333298838524,87.87259146971297,6,5.258935269262945,1
59.7785892086235,Drama,76.38377431326437,76.3276193521161,8,9.74166604685691,1
55.29134337483814,Comedy,115.29000951471266,62.87384215974959,8,4.351296684057424,0
55.29209177327203,Comedy,112.27752166515306,81.074949217749,7,4.344157976645801,0
185.98857648922603,Horror,155.16336678648332,83.48380023045607,5,2.755272086102389,1
114.66824923856889,Horror,88.49518261443754,68.90327024898181,2,2.028908027072127,1
45.243120069635964,Horror,167.36921478869462,85.29847628065521,10,7.662743116803836,1
98.79257893724854,Drama,119.47026323741483,46.370025183052455,10,7.930274218313649,0
79.95841056258587,Comedy,119.44573053055394,52.54086993417585,5,9.721116671527,0
8.636597739623417,Action,95.17319663919424,56.285291242363265,12,7.960763898148267,0
26.84969130750825,Sci-Fi,117.86765768886171,84.08543977763068,7,3.1901724463023884,0
84.24662549392653,Horror,121.82627320583032,95.04390616487845,12,1.3610492045966391,1
174.60707469934113,Horror,133.43318229552193,82.6945221262787,12,9.868936459326942,1
55.67408739836584,Comedy,85.54194481020143,78.86093715203695,7,4.0640562598924515,0
42.32109756217214,Comedy,145.16952139470095,64.12671541739877,11,3.8077438818917866,0
72.56030165888663,Drama,119.03538809429949,66.90448833819403,2,9.153596887744442,0
40.21137922872391,Drama,125.20572238268281,55.39454037439834,7,6.265899086904875,0
52.70965524556754,Horror,104.47644346238098,73.8291315497492,6,2.933840564642211,1
65.97209915761059,Comedy,86.79643404302374,41.295146730977486,7,9.001866184446156,0
25.605492193755342,Action,111.81811568508219,88.1783164479356,11,9.94024769549269,1
118.80240376852556,Sci-Fi,114.68238874558045,65.30126462823529,8,1.7801070503574765,0
21.407257851161603,Comedy,75.36429329713773,66.86192000377977,4,8.760264654722384,1
18.911737753386934,Comedy,129.83213512912812,37.50872135396553,1,4.514641279159546,0
77.3580167155254,Drama,134.91311584741453,84.78545062255407,8,5.716652018560339,1
112.53415231916202,Sci-Fi,91.75838440447183,81.1411345274126,8,9.233343781884827,1
75.91342297428282,Horror,84.43536624319772,74.55841067578888,3,9.760412761976054,1
60.87116708338403,Comedy,102.42596557814247,73.00143685333137,3,3.3594751936791942,0
52.29525739933897,Horror,110.5973774246575,84.07924715860077,5,2.915656938639224,1
45.59639322746602,Comedy,103.39572475211665,25.008309257381413,3,1.7246490273236068,0
137.511972020778,Horror,108.47705418073042,69.97376903261218,5,6.056180673959242,1
84.84175757559689,Sci-Fi,115.5369424418979,87.59276145591522,8,1.1224395590560143,0
48.69275254634616,Drama,75.79327653185928,45.584170751180395,1,4.707084678489429,0
37.46426117246229,Sci-Fi,78.66760931741837,47.94507990986217,2,1.660456149868077,0
103.50475826831496,Action,41.943056476921385,80.86639728876598,2,4.647032046364005,0
135.3376669360887,Drama,133.5636307113368,56.11160571858685,12,1.3593897033904834,0
127.24839127211554,Sci-Fi,110.38067551543622,80.1003787434222,4,8.51695534547892,1
32.041881928453876,Action,136.1962782866289,52.55155603034298,9,2.887650945447093,0
51.93991205150497,Comedy,81.5565501047152,74.1537521261529,2,3.9547783932212077,0
44.85739870080394,Comedy,110.61018348832906,62.93581105917939,12,8.830431969457527,0
57.531524631439545,Horror,115.37066265291503,76.56597474541711,11,7.716394551989846,1
118.04354093453026,Drama,95.95543762924963,54.21272967721079,12,2.971345254778526,0
164.09049828828842,Comedy,71.16430503833018,82.19850422247387,9,1.6470947679174643,0
87.13948561233994,Drama,153.64678340337892,51.779292075551254,7,7.441063991698056,0
38.59378492368869,Comedy,144.98208353175127,71.46005154604602,10,4.516322956192984,0
64.83367859555617,Horror,100.45169320686588,60.101150415574125,8,7.894719992063991,1
184.50158140294337,Sci-Fi,122.75569112924019,90.39515827580443,1,5.007652951376894,0
71.26354406215411,Horror,97.88023309107767,79.1675836650523,5,4.114021716750488,1
52.387388103023085,Action,85.11490992438131,64.92380924934274,9,5.060848673911568,0
55.95410447205114,Comedy,155.68153762392535,95.44052372507123,12,7.73703087103609,1
86.86053456192049,Action,68.61577796485496,58.423084589256916,4,9.119982578863366,0
33.02526938021051,Action,102.86240757572213,74.30948564395801,2,1.4479047692971798,0
43.96788472493451,Drama,112.10809568105584,57.93056781850261,6,5.717003871042596,0
125.99089574297003,Comedy,151.28091446718216,54.55969143518614,2,1.2955188617548985,0
85.12510461292257,Action,132.41471635590045,44.89112381495695,3,5.215685905219228,0
71.8064336191552,Sci-Fi,68.19375563581704,96.8327312193754,8,8.967545461872103,1
130.24054258716137,Action,109.93124397414545,73.56537333408869,3,4.254312397782787,0
36.58743135126101,Sci-Fi,110.52650495910899,57.90545385349102,2,9.39205378972579,0
51.13739668923921,Drama,104.29154161751394,72.26484987554143,6,6.675476244855485,0
83.15721219125577,Action,125.49522768825753,71.52503193890041,3,9.407398094137058,1
81.07658362389452,Horror,74.77232680610058,91.7332370317991,1,7.814499628712677,1
17.033822971936523,Drama,99.78410218658324,44.10233386440694,12,1.9309164998388606,0
47.21845654420459,Sci-Fi,121.97046870532688,62.87221589596449,3,3.0803623080640934,0
58.679934814464254,Drama,126.98939212901603,66.79029564348227,6,4.547534091251556,0
89.78422168127071,Action,113.73548683772992,85.3819816974896,3,2.530961938108684,0
80.87054566070398,Comedy,102.79019499249253,37.58940892709,9,5.454204442989945,0
62.89571856005235,Comedy,107.00146815933819,79.87141156790496,7,5.242313401313416,0
8.564203276240026,Sci-Fi,128.51017805943093,94.58624370405491,5,9.606332782246431,1
65.30684777805843,Sci-Fi,110.8475196031365,43.10078761402294,2,4.9035509460638,0
69.82556111140893,Comedy,83.95381136398679,92.10870748678795,9,8.07064123859198,1
291.91991155131484,Sci-Fi,79.16256040137742,96.74712719814352,5,9.47719490366332,1
57.21839090522533,Drama,72.75906446409726,68.6263736997143,7,8.89289947876587,1
83.4823808985599,Horror,146.38952046223383,92.9645762066773,9,2.8780086206043265,1
144.8085103552386,Horror,130.18654589031112,87.63324307560667,4,5.464269048281898,1
113.52290785889443,Drama,107.33780292048633,79.9614658701736,9,4.129658040663331,0
168.51218322445916,Horror,98.6551878708979,85.71683839923205,1,4.598728256234939,1
17.31648877630746,Action,95.65174980081606,44.62183537604293,12,4.247261436211761,0
27.482475766413025,Drama,137.33092768955524,57.94265350276107,6,8.437232891575038,0
41.490681777689076,Sci-Fi,157.61083770436852,84.37560678638815,2,5.069251496102027,1
14.372687794090188,Drama,94.86517690181152,49.70801491507958,8,5.713248990202194,0
70.2702917443259,Comedy,138.46038801639273,59.26521720884691,5,9.842026213423672,0
29.567108422820677,Sci-Fi,110.70032288397223,61.72271413935887,3,1.539813449723648,0
183.0083498672836,Comedy,104.68927675223834,85.14032028092963,2,5.391618758116739,0
33.84803521781157,Sci-Fi,147.60535707074808,88.63095868340189,8,7.966555362515045,1
51.380128714785585,Horror,109.74585698143058,81.9833657760187,7,2.360457623694039,1
118.11848638817011,Drama,117.4091109813659,31.02814785253084,9,6.503784351532965,0
21.16552227869974,Action,116.20684832278614,73.07470831118921,8,3.1551830158102008,0
13.343326596399645,Sci-Fi,69.3600158335137,71.64258585691677,11,8.806637019021109,1
76.6628697511045,Sci-Fi,117.21027871790155,96.9171746999846,4,3.943896988600714,1
81.00761942999013,Comedy,95.93269938899418,78.3150475818893,2,3.961565352108186,0
115.73818559295322,Horror,74.47117149635946,80.07416452107225,2,6.383744906661041,1
97.41508880110992,Comedy,97.07157298878094,71.56912995028678,2,2.6520661730791786,0
83.20894682281157,Comedy,96.86527825907635,89.13075678703527,11,3.5639977501275495,0
37.355256678169056,Horror,135.74706347825827,80.78508079889151,12,4.749686651074704,1
79.39379646547776,Action,83.4052595974492,71.99942536168761,6,4.182740768260993,0
82.9749704064281,Comedy,90.25381402376864,82.60945711489482,7,5.723894962050242,0
36.163371712340705,Comedy,115.88470651370031,75.993400259184,12,6.396761296620697,1
216.88302079113708,Sci-Fi,76.85515571614381,94.68589754544118,6,6.100007083751481,0
94.25094283072438,Horror,93.52483104419166,82.7199538295887,2,6.88751480792739,1
27.93846981881586,Drama,68.38808161666944,67.04523956099852,4,3.7697456494703823,0
116.13111620809048,Action,133.0002865001349,82.88165979333161,3,2.1378360443952524,0
129.81580561615598,Action,102.46592198899536,62.38828766342115,11,7.847267872879694,0
90.33513395045662,Horror,109.60205387494395,68.56098859213948,4,8.657023443676138,1
54.78079352555721,Sci-Fi,132.90025799477726,87.52597306668105,5,3.31305609000189,0
34.8274138418484,Sci-Fi,91.94327790865283,81.09588427406655,7,4.663827605422178,0
62.763887854083926,Horror,102.2003247837999,70.56574097353916,9,5.487122952671998,1
85.88103782889208,Sci-Fi,83.59180001735646,52.52300158741373,11,5.799941584776428,0
67.34033798766596,Action,83.53740697510469,77.77182117850757,2,6.935411539788866,1
173.4210886795046,Action,86.98542764985302,68.64373317707485,8,1.374429100197892,0
104.47651343388223,Drama,97.68774022915836,65.6788319756727,3,7.493293744606153,0
31.476802175117275,Horror,100.38011164567337,92.75617996320365,9,1.5577390628146923,1
25.247506193168952,Comedy,117.2158037724595,47.70859105742661,10,5.214597109055811,0
94.81404460069166,Comedy,87.71957629895252,62.027215983659644,12,8.449040220122747,0
55.78010103877403,Drama,117.99081689793691,91.74558359147427,4,5.0609378195055665,1
110.75248584757439,Drama,122.1250322880807,61.509139746358585,3,2.34180773891423,0
94.21222514345969,Sci-Fi,98.30444542919335,54.89793526428729,10,9.865304605053637,0
62.97607517705042,Drama,89.88188568954047,63.465948617168024,6,9.00356915866837,0
31.80242724240227,Drama,112.12697579949975,88.57062375584704,10,7.941822699025126,1
15.04798898746088,Comedy,104.92706342473888,76.33403535508828,9,4.703604426092894,0
78.34482966791158,Sci-Fi,115.50879573183863,63.57641788039666,7,2.65461154200368,0
20.810061344761287,Drama,149.2466609064992,74.98505140883279,4,9.47270063276651,1
30.648165176227884,Drama,111.71592621069288,89.54207465225514,3,5.791160138654251,1
74.92425119946591,Sci-Fi,94.0192359679967,62.93294536212161,10,8.671199143487366,0
69.71795502077168,Horror,87.72775970144853,59.2900481589481,4,4.078855051834832,1
23.34887825893928,Sci-Fi,88.69495921696041,80.77964763471907,3,4.017594853715235,0
139.69306254094215,Comedy,73.43084232222198,67.82322753388702,12,9.869864326066352,0
137.23433721793634,Horror,133.31859020863948,56.420128312281,3,5.696497436453648,1
96.95656833503458,Action,54.16802951610589,66.44793264161642,12,2.266258814746717,0
96.87377816391923,Sci-Fi,122.20262044298264,54.81154787472411,9,2.9770721019523667,0
96.95739156522926,Comedy,88.29840233311923,80.28569321780247,4,5.337498514534487,0
129.06239787428254,Horror,97.18986963439706,77.10827761107304,9,1.382238194395702,1
106.27901443312994,Sci-Fi,87.55030896139029,93.8367997373371,12,5.162805868404704,1
34.19191242990145,Drama,146.14661649105076,85.94586802174443,10,4.770467578721148,1
55.16993922817281,Sci-Fi,110.40789004214442,58.83455393444762,5,8.014026387875383,0
271.8612879289795,Action,129.7594631260713,51.52390994503011,7,4.194477680403176,0
9.25937276285081,Sci-Fi,142.51317146490015,53.50682113667775,5,9.842938853856394,0
45.14518837877829,Horror,114.08513685056009,66.68174881968011,1,2.6269292737081282,1
140.19250224113185,Horror,80.10940572861969,86.31051580286453,2,6.318880164713214,1
36.13067304943347,Sci-Fi,104.4839312471057,95.91505276007669,11,1.8072936730742917,1
108.27917153396893,Horror,91.44379966084495,72.78006242320481,5,7.604775855945838,1
69.04778553587421,Drama,97.41239595281752,55.01853844461739,6,9.952783192557744,0
38.36179668118569,Sci-Fi,107.63440518376778,81.739372416179,7,8.37224773976469,1
7.240448684846345,Drama,106.64610894769339,86.05942036942264,2,6.001331866482712,1
76.76610079741872,Drama,120.30272902550716,92.2417595786407,10,5.362672216597228,1
33.54437285931377,Comedy,123.93260734451216,69.54020140841422,9,8.515269651401622,1
60.9154950109923,Sci-Fi,106.64637059333856,31.216648051395417,6,9.423766762396518,0
96.29203879703104,Horror,120.08672295269793,28.375139287438767,2,9.902858732182837,0
122.11249193388312,Drama,96.26600362661397,55.411085157600894,2,4.568853048080357,0
45.02529423096095,Comedy,142.8694956399126,69.64886425619812,3,9.91825727315061,1
38.30006461296671,Sci-Fi,95.86221779455884,90.1896436300885,1,2.4033362695644835,0
20.45224311713187,Sci-Fi,139.9296621155607,62.4713260634122,9,3.281947983387183,0
126.18516289585668,Action,73.09832270570695,89.33109989515975,10,1.8011451226050657,0
247.26903902034437,Action,100.48981856472885,81.45143594963011,11,3.445646648360335,0
135.4590553279867,Drama,101.72554565965986,63.18061546353155,4,7.911437964562101,0
155.82404210570803,Action,116.97479486871185,82.70735688006766,5,8.676319223606047,1
36.39336382089263,Drama,131.5454200804706,77.32231850870134,7,8.010033805923145,1
92.31206660222693,Horror,78.7651199235118,88.11782502352598,1,6.679592003509266,1
115.2027799584311,Drama,82.30042394892732,75.18698360449739,3,5.62569861270381,0
26.525543897252852,Action,74.95229830709405,80.86347977171185,3,7.378338602922819,1
191.48608585063846,Horror,143.00460492996044,42.999219683693326,2,4.517501943404996,0
16.728537344039335,Action,117.44012356992806,87.47790852827904,8,8.571775163497318,1
172.22628063583136,Drama,82.89071978857193,75.63568106719536,5,7.094710845791068,0
16.611285107876835,Comedy,98.92262815109824,83.48676585730097,1,7.280242286449677,1
27.741506397791,Sci-Fi,139.54403489153736,58.75724363469984,12,5.823423938161641,0
93.49001972545351,Action,103.04701924221905,88.80105434170363,2,8.967060857900552,1
70.33658553087784,Drama,101.57029655522068,45.061947375610515,1,3.2681326031114724,0
48.68306532708044,Horror,90.46758232942354,66.67913855124249,6,4.430328880249457,1
186.68575221559362,Action,84.37519215453094,89.64576049765773,9,7.998783127099202,1
20.998907524082316,Action,139.5830952610789,86.73906642410061,11,5.434740065164039,1
59.131688022386385,Sci-Fi,151.8475397185515,54.53972832512601,7,9.002926120817717,0
101.89580361995618,Drama,85.3701399303163,66.0955305509323,5,4.117593877865671,0
82.25523640820127,Comedy,145.123558230453,79.19268829976335,12,4.323971519376803,0
39.40358284807837,Horror,97.81526459274737,94.00767392962003,3,8.998622104479628,1
40.62842335861747,Drama,123.34119988422218,88.75430017008522,12,5.17933288163837,1
120.86799689035091,Horror,145.2553451203602,82.07081059377744,12,5.645121257822381,1
124.74765275463082,Action,106.3730851074092,72.71483201553214,8,3.9948734380211146,0
83.82795331315427,Sci-Fi,101.80145199331602,48.38588295403658,10,3.4900294796117373,0
32.36687748662092,Sci-Fi,130.02702409470464,44.03659146076873,4,6.903538397545528,0
41.72135567646755,Comedy,82.25117907409377,59.68679856546172,9,2.078565953870835,0
65.59312753854111,Sci-Fi,138.67653444601075,64.76796160376395,5,8.913453770646184,0
72.91082295672891,Action,113.57023481106458,62.06916328992986,6,8.01282823088597,0
99.09744473912355,Comedy,95.55623729614558,53.023087697217264,5,2.716734373352225,0
56.76108890572718,Drama,94.89580991710363,37.849350920365666,10,7.246179512421088,0
119.02048930008885,Sci-Fi,75.41343720429086,54.214288219633666,12,6.423696291570714,0
118.11791314698053,Comedy,96.59569583440026,99.01003480838929,11,2.660815456629797,0
159.35814732314097,Action,103.39905595013997,82.39765433857025,7,3.4588315544520922,0
67.7571931694783,Horror,83.46766170721295,41.47005468161893,7,4.68087853360451,0
84.84675368106556,Horror,108.86337559677489,91.97147211996719,1,7.293184617209265,1
60.16940826456393,Action,121.8229271131374,54.95766212673947,2,6.748510679353053,0
32.71178730067996,Action,104.66319660001453,47.33585514188163,7,5.790113629090281,0
243.60384879340518,Horror,126.56814566298166,27.58299785540607,8,7.915694888026308,0
146.1366691203616,Comedy,89.8215004255166,90.88526805715118,4,7.821439656455493,1
116.47371713807533,Horror,135.0845691054985,85.8298066150418,6,6.560732386560303,1
66.0362437076876,Action,113.04536764437145,73.941717147013,11,8.082910750463427,1
30.23792416843842,Sci-Fi,148.63142924386858,89.7910268936181,12,4.008370373012883,1
130.76375638212812,Drama,170.35543280596832,54.9765435506955,10,8.93124575490345,0
59.35735162811352,Sci-Fi,98.24391019241797,67.47891464155393,3,6.534190772217467,0
90.34465270889258,Sci-Fi,99.27340307746356,77.90099572511235,7,8.401271624311875,1
41.58761808225893,Action,103.84394695128206,78.6637741573654,11,5.916511943112556,1
80.13367006579946,Horror,124.89255625438787,63.710051023309255,3,2.9659442048981233,1
43.765282504809804,Comedy,143.14924926187726,91.99867958955544,11,5.881691158104777,1
45.18078079066811,Sci-Fi,93.67978789575491,59.533542093737424,7,4.340004973989293,0
79.38197513000706,Horror,119.53110666195182,94.09577477027204,12,7.277491324333851,1
16.362619003756343,Comedy,106.60181775360581,88.11210042934698,11,5.282144125612622,1
17.198763144324825,Sci-Fi,125.45272756351471,85.75903959937324,12,8.52501524434919,1
36.02297751611686,Comedy,147.73644233519227,36.76930147030134,11,7.10265261089725,0
56.240606182042356,Horror,103.99179406417463,57.490957720426536,8,7.160899897281915,1
121.48771651545148,Drama,68.25330833315672,55.78868392784313,3,2.9543980014195848,0
58.74385265340013,Horror,128.59754192200734,64.07829062707721,2,9.858247898421613,1
65.71521496958033,Action,89.18236953486368,76.43968105985411,12,8.575076883443398,1
52.843781735256755,Comedy,106.42210657590556,53.04249780676628,6,8.101043961046251,0
84.75898118954606,Drama,129.67577092179033,50.26463878841413,4,3.971937026440247,0
32.42318234906898,Comedy,117.4348713382777,64.26950942869315,8,5.820684875625087,0
61.20655736004331,Comedy,107.45699936117387,57.62363344223097,2,2.233928692668958,0
89.63699170290312,Sci-Fi,95.60295718854198,75.62156582716281,4,5.846283789964354,0
78.92123232930415,Action,37.50265549312503,24.579409510970905,2,2.3130032183495857,0
67.31905198570331,Comedy,127.45802039390506,80.87988327417452,2,5.977340595906411,1
67.94039350185265,Horror,103.6762075193559,79.67567970301485,2,6.83849692139415,1
95.8316130724709,Horror,147.83340695889314,67.23800956889447,1,4.5117637052491215,1
251.1279678751579,Sci-Fi,119.95070074904675,80.56417416286376,4,5.486903904981639,0
34.37347333408675,Action,96.47186568662893,83.95814399380262,2,8.880880489071274,1
255.73409307140224,Action,136.671752209401,81.45263258793875,9,1.9770683023252844,0
33.03158445317144,Horror,138.77823514895476,88.10850010457663,9,8.125596036996875,1
6.140539811159242,Drama,104.52420464118805,72.432742097206,11,2.5367909589657676,0
43.03560037812634,Sci-Fi,139.84112163933068,69.7698022231626,11,1.3303718452416555,0
85.91797043341403,Sci-Fi,96.11729861534883,56.29119904050397,7,2.67017142470543,0
218.06387263920817,Horror,113.99119423519757,22.29198795568796,6,7.885388709734407,0
30.202566734085945,Horror,124.28520969296952,90.01966154961384,12,4.64613466003174,1
95.43232382411139,Drama,129.61953960035473,61.196647302196475,3,8.852684651615636,0
19.08959778599757,Drama,125.53804621539724,86.96099869420422,12,5.722367870640392,1
213.01558753200837,Action,101.68357048592068,65.89108483490911,7,1.2002531673369785,0
148.00319244042208,Sci-Fi,137.34244101728603,88.72000277288936,1,7.450422486417341,1
45.25503439427243,Sci-Fi,106.88931692233953,61.7527671539035,9,1.9920961784910944,0
163.86771164313268,Horror,95.77431594312016,80.58063561857409,4,8.10441670115732,1
60.92505509244827,Action,96.14155081716673,70.95057888707365,6,2.5129229482466204,0
153.19282450678696,Sci-Fi,158.49970978690837,65.02240687098934,6,4.109017472249621,0
66.937816939694,Action,91.45041429770139,61.394924095657885,11,7.8514428666282425,0
69.12228210711177,Action,142.29088066901116,53.961123413320976,3,9.588082217287795,0
46.02155517209711,Horror,81.61333260474575,71.72780641504303,4,4.342905555820591,1
104.28034165906251,Action,122.19763612685466,81.24150850081668,11,8.464601981790423,1
73.07365122265239,Drama,117.42708628727087,96.11310148091655,10,2.7171303892825485,1
96.91703779284929,Drama,150.5306719931557,59.357243047349726,3,8.26461793182242,0
14.6821495397189,Comedy,93.63995262078713,49.5711310235547,6,6.91744653330626,0
156.80522962378063,Horror,86.73339455099033,38.78818221741987,1,2.7346915649113157,0
183.13164637246499,Comedy,107.08724054132544,50.886556212704214,8,3.722535643162704,0
72.82026355324673,Drama,151.62004573101132,70.23572628842095,8,2.185937997373324,0
239.74826567619567,Comedy,87.8960380014058,68.00143486173388,9,4.446703099578819,0
204.6016662564458,Horror,45.28958419489501,77.11527056085214,6,2.8328377701094967,1
105.85567366131984,Horror,111.49419593433207,52.34996111754139,1,6.795981582674262,1
165.25978528145035,Action,133.73807294902522,77.84190351697063,3,9.950545937985028,0
137.62096993025992,Sci-Fi,84.65485168400343,77.03606911821439,1,1.1080824677583774,0
10.845188036147722,Action,131.1983043338316,57.30715330827637,5,5.868278319585688,0
53.69985275783786,Horror,84.10222537468859,59.238150442318506,3,6.162999377941087,1
111.00923094238948,Drama,106.33603660770802,29.713747338061925,2,9.227879107127308,0
191.09029193514178,Drama,128.81705788215143,87.20884127292534,3,5.554048012902438,0
17.7777567325741,Action,80.31336495653903,64.1771241956037,9,5.893312776804257,0
11.71956287926312,Horror,114.53783328768885,77.7109041583007,11,5.244875211955497,1
63.839139770275885,Drama,140.37433778230593,66.22507607707725,8,3.4201387410533326,0
6.75451381583616,Horror,121.84835248028378,75.76142074974568,3,1.5042621992402232,1
62.16961376920074,Drama,91.98434856023081,83.83614372166761,11,4.677919139888525,0
87.44618067883744,Horror,147.96795881791985,70.98280727074673,2,1.4733232411661068,1
28.957031820919653,Comedy,126.45981279806225,76.33582625301942,5,5.95443222519326,1
63.48203167876668,Horror,63.48880000189233,87.2495889646746,12,3.7656427891806383,1
129.15390704865547,Horror,131.60609036835567,74.98052532280344,12,5.802421613728851,1
42.862163080043416,Action,95.71564368956808,57.97840086618884,12,2.2086726795566802,0
33.53287190802902,Comedy,114.91408869106161,50.44829534605119,1,9.393669691654237,0
61.290975621628554,Sci-Fi,135.20010010733148,66.924524981356,4,9.050691191949413,0
26.223468149578363,Action,96.25988538337916,52.45514344085239,8,2.7099685828205606,0
228.29639998128647,Sci-Fi,68.86018464895466,79.50839619433079,1,4.090998549646089,0
68.50429922258462,Drama,147.6386297976457,28.611450131767967,5,6.521434946667816,0
36.668060291336076,Sci-Fi,139.11458678004868,57.48826514942669,12,1.8611758657531565,0
78.33828366246641,Horror,107.81859967042635,76.0157198293643,4,4.191110390045358,1
61.03267923220051,Sci-Fi,131.3355362873029,73.51954099847686,6,3.2600105813710547,0
55.894498407782294,Action,100.76533169840789,78.26958399251124,7,9.23965055845027,1
42.8527957879046,Action,112.42425441902124,41.55554561386972,9,8.672595726602847,0
41.13333639660959,Sci-Fi,106.3928014340815,77.86355405223672,1,6.218494671401774,1
15.041407549686204,Action,101.77639786606744,52.055398778656205,11,5.6831170318441675,0
165.09362731091247,Action,118.98256450214387,79.50675011936752,10,9.376532150908574,0
101.09211641406262,Sci-Fi,79.79552940886029,61.35566763190784,4,9.391850046809338,0
84.0658462671592,Comedy,103.71047923086053,59.436413762141335,6,9.723971128164944,0
60.2768008400419,Comedy,117.86198681208512,70.27246211479125,10,2.1284099569736887,0
28.495675026434878,Drama,155.9525176990409,82.30400516177593,7,2.445020296868532,0
34.739909279270044,Action,80.8116446171826,61.54390936695966,7,7.090630288118979,0
16.89110495713396,Sci-Fi,123.01382644331068,43.60130247787032,8,5.872910289488604,0
38.54168557578534,Action,125.75371941069653,71.75799011359543,10,1.1661931440391236,0
24.960574148763968,Horror,63.08203173293158,66.35569561271767,8,1.5577753239056742,1
197.25386149702032,Action,120.2633003602313,69.63731189654453,8,8.992723440329247,0
123.34460010343086,Action,132.0071269745945,98.37069490752354,8,8.819837159854476,1
70.7422917427389,Comedy,124.71631698456088,76.86149033847789,12,4.215438297964406,0
31.347766940630642,Sci-Fi,107.90181862818312,78.92737374300461,8,9.019455552374811,1
26.16795534043408,Action,118.33100091306072,28.46823742858305,6,6.343075669581117,0
57.312757211298404,Comedy,114.24611743122576,89.24318438363456,9,8.253150823170117,1
126.84337310601481,Drama,67.76356654212013,60.10272733881218,3,4.846879640441928,0
17.385607799859326,Comedy,114.83300811886166,81.4758861364985,6,2.0205849461041785,0
100.16881543904184,Comedy,100.8232398504582,58.56101061923027,5,4.9035435638141465,0
38.39602393267405,Comedy,92.37944572505043,40.32143022380429,8,5.115698181972081,0
44.542855882648425,Action,172.12424883966634,65.38880884041627,4,5.9584977445654275,0
69.20383516372397,Action,141.31539299048893,57.244108682523255,4,1.950244416139852,0
32.304551336775354,Drama,81.2456984921403,62.351288816097764,10,9.922616767446502,1
55.07306878583519,Horror,118.66590491414597,73.7558749061056,11,3.197231387262157,1
29.924737569691885,Horror,146.45063188910814,89.082853685813,10,2.7869716318338362,1
41.09767627413497,Horror,72.59502114809996,57.56410681674146,5,5.741226269703429,1
113.77775209565547,Drama,111.92457853517885,87.44558446561983,11,5.834873614553998,1
71.92884833828778,Horror,113.10181814298734,95.15464012938625,6,4.9583866404991985,1
113.48271303613257,Horror,78.13767793752443,47.61224187142375,11,7.94702931692729,1
37.969326321289095,Comedy,119.48875761530574,56.12701201733983,4,5.649889606557425,0
100.68654841946827,Action,137.90615976295314,77.40425582786258,2,6.487259096304857,0
12.992021899475134,Action,147.70118978547885,73.04672275934655,12,7.5137174686700705,1
69.18071904780705,Comedy,103.76589745935135,84.21567299162392,12,1.2252259140747994,0
105.37962023389906,Comedy,172.54112587837784,60.463387547500716,2,6.135797642905403,0
12.411122219694509,Comedy,58.55083116508112,82.41432391850111,12,8.957750241055322,1
38.35337465608361,Action,118.90541774536156,84.35152415132332,3,1.1564986863289053,0
69.14440084887256,Horror,74.69264200175361,60.71245561113899,2,4.646638934208649,1
133.30242464383883,Comedy,112.25456593742248,88.75810984738266,1,9.33604705185247,1
41.093167744558244,Drama,96.95233124737426,60.26377601492411,8,4.17838962054284,0
97.93885759252203,Comedy,122.67193640976403,91.72825018894049,12,5.128559417802168,1
172.25499585895537,Sci-Fi,106.82798214744514,82.199491808258,5,9.833872537398815,1
101.12723356636647,Comedy,89.3503955493371,93.95740617132607,10,2.7939147305551644,0
56.7215408771004,Action,90.99272631090051,83.33871188264497,1,1.5872967021250535,0
87.72788255021442,Comedy,158.31148743623882,52.04437025818998,9,8.734803317751739,0
40.0881376118605,Sci-Fi,121.08809346156038,97.35883438631859,8,8.816188070911316,1
71.2388596418128,Drama,67.4467823365403,81.8311800387548,4,5.248700512120118,0
58.94633789338714,Horror,123.7696933779191,90.02642090084697,8,5.627864570295577,1
85.66422324160715,Comedy,105.13308344105008,47.205905561651676,12,8.522257326560524,0
47.57915186131431,Sci-Fi,110.11502717742847,48.620114694750946,10,7.647035483042156,0
89.18108381230894,Sci-Fi,130.49720384954492,80.7406393667149,7,3.386341019953096,0
47.20454167270149,Drama,139.58067934282116,34.76878510616188,11,1.152040195643666,0
122.52806290913954,Action,88.52968180198278,80.92687615356334,11,5.317301462801912,0
51.208335151282725,Comedy,109.2564586461154,59.88116532400829,7,8.730210934860771,0
7.088915629620542,Sci-Fi,96.34722493153576,83.69795259978115,1,9.06251209021146,1
26.983538863022357,Drama,124.92155452685657,74.83684574018478,6,9.606035773685385,1
67.62231800421085,Horror,104.19238765659577,78.70564128462004,4,8.91606913851503,1
196.11679715041316,Sci-Fi,110.73128699254688,48.61101696952921,10,6.220391997682885,0
119.32391407086013,Drama,103.24308097474588,94.32986755050044,10,5.001450393124908,1
5.266787277541223,Action,107.3470121107667,95.5613181360996,10,7.973648618806892,1
15.75289528428496,Action,152.61627514820339,66.06616399508951,11,7.658394709290368,0
144.88918026529853,Sci-Fi,169.7691541191931,82.16328587745572,12,5.84329087073309,0
104.97297976632251,Sci-Fi,119.4273023435619,48.02894130564633,2,1.785946353026222,0
266.1073120236569,Comedy,107.50075550457743,74.59992230556963,10,9.334732121082268,0
45.64763789139394,Drama,70.10908097775791,70.44123072476127,7,5.100422837514959,0
31.706345673004694,Sci-Fi,90.98954500471567,44.632790947578634,9,4.270004037246379,0
70.43104157576253,Comedy,106.83159910535234,66.92789636398749,5,6.666106556518946,0
44.91756977699937,Comedy,92.12341948406434,72.89757461027862,8,7.064541650502792,0
135.87988731822148,Sci-Fi,94.75248092820195,57.181977013133114,5,2.896191253272713,0
43.645517685249175,Action,149.38473685140414,67.91527304551781,7,8.532449603289606,0
53.67892881065386,Drama,110.71977034346205,90.83242255805123,7,3.609433842961401,1
27.820588139376877,Drama,112.95529978504842,86.8356594030242,9,2.6801553332288504,0
113.89559709777144,Action,93.14523599154433,61.96801815300555,3,4.657598675690477,0
29.484864349301386,Sci-Fi,139.43861811923966,68.1971597698273,1,7.575040728077187,0
90.37649370352838,Drama,104.6855343002858,78.64392651846967,2,9.689123605958232,1
218.13499558275967,Sci-Fi,96.9784083712286,85.48519454063353,12,8.2835313793429,0
10.540605825145668,Sci-Fi,70.48122956726397,80.7183377561672,6,9.463135399031726,1
177.60646725392473,Comedy,108.47245215621585,81.37081254326588,10,2.2654522366887413,0
82.19446601657947,Action,96.19854995556496,59.68517757946834,10,1.6405911897730912,0
23.800290180854905,Sci-Fi,152.11449365042247,87.90493145802168,12,6.019342857160041,1
72.47685483454718,Horror,156.09746730004878,98.37699620890557,9,3.612677347396309,1
111.6069516787954,Action,79.11798763084313,79.5033405956374,3,8.452494756723457,1
33.6112656237062,Drama,81.94616905297507,70.50730384399668,10,7.047890842620935,0
94.09721572902568,Comedy,103.0920091218388,42.10123599318554,2,9.73655347587215,0
187.4222938018042,Drama,89.59905261514321,73.74326037650152,11,3.2931312015817378,0
43.598840663899466,Drama,115.43541439216784,37.72350693019476,1,5.372057029197092,0
27.50912846859078,Action,101.83441277286082,73.00800783028487,2,5.51116429682818,0
60.37973879427903,Drama,117.01330851388146,43.51102325021249,3,3.1525911537163855,0
69.58589088109258,Sci-Fi,135.40233804117418,88.48777124245332,7,6.31084059539207,1
140.63719632427177,Drama,83.39446224161232,46.05174553701779,2,4.989573874713155,0
58.83553350676068,Comedy,134.88028056193497,73.2544857187541,5,5.020494003908863,0
46.96305497954451,Comedy,91.78368964199558,78.6036177103516,2,4.2646298317523526,0
26.870163475984835,Horror,163.7120712287194,39.93002281212786,7,1.1523641718298157,0
12.523648964137156,Comedy,150.52439915623472,66.695722398668,10,5.698857132233101,0
19.776816912157535,Drama,107.17299160284412,97.2310650752117,8,4.01723052130298,1
19.659495267886115,Comedy,85.91041388674897,46.13883678756335,8,1.011878820858967,0
54.1398547902937,Action,81.12835050813541,58.17247375315821,8,3.771493368957388,0
15.27316857226906,Comedy,131.84071255186325,72.48814533658748,10,3.507654997807813,0
63.90201390875995,Sci-Fi,109.23993083673754,65.92672439971867,9,4.541033379012722,0
214.98176474922377,Action,133.17167214379896,93.5463541251047,1,2.1866679067905723,0
143.4049615219002,Horror,165.105724232391,84.46269019801747,12,5.56915442171576,1
53.723019951395095,Sci-Fi,90.7404265320969,76.98682840989942,1,7.2319631726631695,1
307.4058389619157,Drama,79.2465439060478,36.87462739161323,10,6.671670121491152,0
69.77168939890376,Drama,114.81400586331564,71.12583497261286,2,8.233794528122715,0
77.42780654298831,Drama,138.61899028630742,83.42279457029107,11,5.068074591883731,0
59.4863404030632,Sci-Fi,86.48849275535608,71.55654385633339,6,5.6718255730575535,0
64.98955843363574,Sci-Fi,110.86561846898115,57.10407366544536,1,8.29361746773085,0
42.357647433123375,Sci-Fi,144.25109152927476,71.1048000573034,5,4.849310537373147,0
54.34752199470903,Action,69.1780540377407,72.10320599704997,5,7.314394149096373,0
178.3964580740655,Action,115.88294903597749,52.9419623627649,4,4.911421318461927,0
153.93759078404352,Drama,96.49742266003038,84.56398726568405,11,4.759625750604064,0
6.6879777612642775,Comedy,113.10391477428257,55.613145967011945,5,7.841850620762442,0
17.19776032781101,Drama,127.7446072645922,71.16201586572609,12,2.5735322391959006,0
34.02702403171178,Horror,115.52021269720228,55.92267803459261,1,4.047273747474162,1
127.59819671019655,Action,84.74443994720363,90.43185174223048,11,3.017550490722116,0
156.24678954873897,Sci-Fi,97.46884654416303,55.52393484674638,11,4.231989486708374,0
111.30910470641594,Action,145.66482450811165,49.7784678224708,6,3.073373401294216,0
23.70782342999324,Sci-Fi,118.22332234810246,62.62873895257598,7,6.214650679779892,0
43.08324401588199,Horror,131.0079781896212,56.64151797922046,8,8.183537223560606,1
95.26551835858979,Horror,116.25738275457606,90.67501457354193,2,8.079517550961118,1
55.01047207746276,Action,130.22790170604802,57.89930873642896,7,4.280508680939132,0
49.12378324254742,Sci-Fi,100.09634775156695,95.3021245280425,6,9.898843653048356,1
49.709769303041796,Horror,90.81220883081411,67.02354565605351,9,6.344689282352207,1
146.24291251587726,Drama,129.09244289620116,83.34469743157716,8,4.594602716004653,0
102.22395750189308,Drama,138.1843502611389,59.63369057273623,11,8.51985351317283,0
51.925307072182044,Sci-Fi,87.14296723008395,89.73647510856426,4,7.568866113783768,1
84.96608019333969,Action,95.6013797144068,78.56230293527416,9,7.74347803141694,1
20.682603240849254,Horror,105.91933929422734,57.910681132601624,1,2.7652541476048444,1
43.15265443804044,Action,150.4956151245662,93.92291867872721,11,5.2149187663169965,1
136.8342178958977,Drama,124.07838637920649,61.94388581031283,6,8.756453177421424,0
14.262207308000889,Horror,76.89782925335282,66.01170365435675,8,5.536342068658816,1
103.11292105705238,Action,107.67543021026246,79.68482210536052,11,7.151074690789453,0
6.593224251005968,Comedy,103.85303110623914,61.21369004156112,11,6.291403597308381,0
198.24688606813913,Sci-Fi,80.66826109990174,38.039559662909184,4,8.581211089465437,0
42.3006423148305,Sci-Fi,107.38020207763181,95.12033873511112,2,3.5610475578544234,1
89.47506390464406,Comedy,102.7490640098407,55.98724949936699,11,6.179277500977284,0
72.74104017442946,Drama,100.95918690957103,46.59924313167609,2,2.109112012088236,0
74.73332091869037,Horror,99.81546581545473,81.74878728264835,10,7.211896990295211,1
83.8581719489794,Sci-Fi,146.7848387087201,72.64607251004928,1,7.587710545174408,0
11.60993914001821,Comedy,100.90742209748711,70.52062817307333,5,1.3855358907009858,0
75.88511105012617,Comedy,111.24177640750662,76.40971688466463,6,7.082118672651866,0
57.60999287595301,Drama,108.53088219308177,89.14619256913528,4,4.732211387492077,1
42.49768002906464,Drama,97.3745787408166,80.62543950703976,4,2.116871884987141,0
34.01093069215221,Action,111.98761830919244,40.42298109504714,5,4.779167929286208,0
77.30009707935386,Sci-Fi,111.63376490244409,34.83032198352923,5,2.7480963672602354,0
27.831863301901024,Action,111.9939131724804,87.27248613745506,9,4.740035789109848,1
135.18506446597388,Comedy,88.51917144758947,99.3359797536034,8,4.459051251626749,1
94.17060254620394,Horror,104.84688731868397,81.66893250664542,9,7.6455247324245175,1
80.78126104046433,Horror,129.00804688374643,66.88321591742876,3,7.9679400234972295,1
131.37735231547606,Drama,105.504584215499,75.04466266659038,3,6.46325788946092,0
9.629703689815935,Horror,114.04454781503145,70.80396394760079,1,1.2041815796420279,1
20.016289644680718,Horror,114.17592501815888,76.32037634096844,10,9.379200511638945,1
97.13059374876732,Horror,120.43487826834793,79.95550182912066,6,7.176099520868029,1
35.77348462205179,Comedy,123.96627287534527,71.66844317894362,4,1.3077590492906994,0
39.811655401685606,Horror,105.6462347562695,66.27080646467056,11,8.369496092927061,1
17.21556636389218,Horror,87.2166174226976,86.31649310442707,8,2.8023953924619653,1
27.904024839666207,Horror,79.5321167831281,64.02207834695785,2,6.212990706139961,1
137.22094603269764,Action,135.44216031840898,66.65211472637623,11,5.199709329551684,0
95.52409685234771,Comedy,129.25626119927665,83.91268910116445,2,4.77854904119569,0
76.67433485488498,Drama,126.23411710843817,87.90217848091557,7,9.007423481119577,1
41.14008897252707,Action,130.28008819656685,86.6903627507175,5,4.936251624063532,1
73.16779594798244,Sci-Fi,105.96110040935278,80.48009191968933,1,1.6780970581583565,0
145.36791641586626,Comedy,94.37808955586125,82.38885908443172,7,9.519748544934574,1
36.54856082109546,Comedy,85.48981475504905,63.181730643373456,7,9.284817081156648,0
64.87614222680409,Sci-Fi,82.76625008536251,49.528599420725435,10,7.159894206234389,0
206.29229155525798,Sci-Fi,140.30396721375828,34.65218421600357,6,5.211032753188225,0
110.30048876601938,Sci-Fi,97.67137860614628,84.2468951376209,4,1.8357352564916913,0
41.63505574064014,Drama,136.37147673027218,75.71200686421355,12,8.116733067197286,1
104.20799243062915,Horror,105.32785424048373,60.61866368372596,8,1.6793012298162606,0
14.012547765143246,Comedy,93.09396979393941,79.28134019355718,12,1.617408864056311,0
62.89633882016625,Horror,82.64088006124642,54.35990766381953,11,5.836454581954313,1
104.12887116547279,Horror,95.29614107530624,88.88276682275914,2,2.4411541616617622,1
88.29040481930647,Sci-Fi,145.45596957265724,21.077005743528062,2,1.0695724060631409,0
103.42926825774182,Drama,82.89474800550468,62.85405798152317,2,4.808020878962076,0
119.66807085498746,Action,162.91867053699127,96.51993778070326,3,2.2349550844905934,0
93.3010103665103,Drama,88.98481431325891,53.748808899381004,6,2.4446387375262213,0
91.40400913024001,Horror,128.74874926628115,96.34973558817113,1,1.692195748618012,1
77.9770153133448,Drama,106.36871764362529,45.61263340756771,11,2.8458437835124895,0
24.973760229252882,Sci-Fi,101.98601043684536,59.028305016941815,2,7.439357617969504,0
137.18009457860285,Action,78.2144805718716,63.30865375130583,10,8.280345764960122,0
64.6448377539732,Sci-Fi,107.54017543121904,86.1660361358848,2,5.072802796263706,1
108.41500820469243,Action,81.0428500908499,67.07284040904896,12,5.558984342932759,0
127.80571357492278,Horror,67.96057250581399,43.305588083899934,1,1.2938953113478235,0
43.411226178963,Action,112.98996695543623,92.58407324563575,3,1.6238463523418516,0
46.65240718897656,Action,94.11442232910612,79.16029708257682,10,3.318109530845652,0
51.941672037353584,Action,152.1087129031245,78.18578125463932,7,5.895085786418328,0
154.81169574181058,Drama,135.00054287732056,74.763503477815,1,7.655960338614936,0
30.318690699646133,Drama,152.43580453341923,87.79600145843695,7,6.445027552042298,1
172.781505751667,Horror,92.97792738730253,27.017070503079555,5,4.5291506948810945,0
77.34054285194665,Action,113.40344350328219,77.67086040534032,9,2.0649166570282436,0
81.4298160284762,Comedy,44.483226007973684,90.05588229237193,2,8.026959113984706,1
123.96755734885207,Horror,102.9549404828319,66.80759183421131,1,4.274074464391514,1
71.00670831957001,Action,112.46245870061702,59.27323387092722,9,7.624486130345106,0
138.2125423023963,Action,113.85120194254431,71.3721592850662,8,5.616809577229077,0
43.36299340161886,Drama,108.94078973645817,43.17584724521915,10,7.647958482056427,0
169.14089868784518,Horror,111.66481429379171,57.11517586292621,6,9.165606053073146,1
46.205848916720775,Action,42.168934145914704,94.82248970456261,5,9.289265644484217,1
173.4064770274477,Action,116.40554590204945,75.22362648666774,8,5.815961020005431,0
47.237272319492725,Horror,122.08599729825097,48.792787111952954,8,5.603575282890749,1
53.14839713210055,Comedy,143.45063506572126,52.572244862951976,5,3.3911061895255354,0
27.09517788584933,Horror,119.21845148192327,83.48334604650982,12,9.422198483763623,1
34.35853349659397,Horror,106.73157333216905,90.00582915507944,7,5.121272504796588,1
64.89153945173278,Comedy,137.62354805577428,67.62945674674185,1,2.1483211535863944,0
79.50762796460532,Horror,51.06664438501303,75.44775160333214,4,4.894344231638949,1
131.50981771136216,Action,97.12628673432141,81.94451865493063,2,2.1434792521420354,0
56.21563530779204,Horror,90.85475049853221,91.53353530594346,10,5.522785158313676,1
88.42822450577897,Comedy,109.13695500421723,74.48291269527469,3,6.05147963370591,0
75.6369318251422,Sci-Fi,55.03267969427088,97.05921988826015,12,4.039801853442268,1
95.46722839347935,Horror,142.99089155609298,86.39120985690684,1,1.644855528083362,1
38.85909811140436,Drama,103.75475250789385,45.044788731491806,11,9.491531820699151,0
42.833728896761976,Action,117.96991727897334,79.47518331255333,11,7.960178021350867,1
38.871814185571836,Action,115.57728062649736,87.13294828571705,2,8.54992972454609,1
148.84636846514275,Drama,141.56224737192375,76.3416610794978,1,4.301815548576065,0
170.2148910592598,Drama,63.451246628148816,68.86520526209361,8,7.847479270175055,0
41.323451704778044,Horror,112.8080291367453,32.01787450521667,4,5.368356056522748,0
42.02274696886668,Drama,138.6544565176215,66.7633988207522,3,2.8097513956544136,0
104.98346060224691,Sci-Fi,107.55033883198271,65.95941948721804,1,2.1198103921649194,0
182.76252346987135,Comedy,86.21826517154246,75.60552263672048,2,4.1054578238985115,0
209.0543850405852,Drama,94.90274710860535,68.71978936554596,3,2.237969003276257,0
39.76513359627128,Drama,100.17644995483988,83.15954784561848,3,9.984420785836617,1
48.58313575376103,Sci-Fi,91.97374926192526,37.497099147569216,6,1.4427009120881986,0
82.54508643897688,Action,106.17972207331601,96.69308539188451,10,4.970292394321689,1
85.47235869285173,Action,147.70618507962504,84.79104094798048,8,5.068841701513457,0
57.94026433551079,Horror,95.06588086156293,94.0702277645234,6,3.70568735723508,1
33.35601854164987,Sci-Fi,97.80815064302502,65.26470954294096,2,6.142164091362508,0
64.97058737702935,Comedy,121.49451460125783,84.45906313931727,2,2.349793217363902,0
208.9084045270876,Comedy,105.62949090090311,79.11618478792361,7,8.055211425285103,0
43.35047884068687,Sci-Fi,76.77037166637794,67.45258551745799,1,3.992029464228745,0
78.90363530811393,Comedy,108.47028905552446,60.40163037057613,1,6.322083308187776,0
300.8116331087601,Action,107.52771419007686,62.963810824668045,7,7.440753124602634,0
42.838657756258065,Comedy,134.39195863595384,73.4355779443418,9,9.00137905921145,1
108.44291787375954,Comedy,85.69619004493347,61.87461145453012,5,8.5220869280698,0
214.7283955522681,Sci-Fi,134.5579870688861,97.76803983321808,11,6.474781252932036,1
102.05606109961182,Sci-Fi,107.55422969750141,81.30673109206967,1,4.495538623454983,0
141.87345498682643,Comedy,82.3014582271251,26.95117662469396,5,5.528842030674675,0
118.6459039632117,Drama,77.28054219807677,65.12237422292587,11,7.9186131404092235,0
96.44300673085138,Sci-Fi,158.35971319771323,72.3615703739155,1,8.897909883035258,0
166.54258563434624,Horror,106.002099429114,67.55205048327139,10,1.9340373535900468,0
106.09016810861638,Horror,133.4126029182622,70.36254297592333,12,4.463706362437481,1
58.40374945830177,Action,67.29701513479677,46.94618666641385,9,7.985049385721505,0
74.53355156293631,Comedy,175.94237219909752,79.9150743471638,4,4.884865863345649,0
87.57464510775328,Drama,132.33111570917822,78.4819389608988,9,3.9900498765965544,0
48.34777516427219,Action,103.61399464611978,58.629260182046636,2,4.701904271409426,0
77.02990658943692,Comedy,102.34585355361226,82.06380053025988,7,6.425602721077158,1
69.09350598394734,Sci-Fi,128.3649532075749,69.28234361143801,12,9.998246297204213,1
105.86328075802396,Horror,126.92954216812618,85.30747044823565,2,5.436931861940786,1
252.38929613241322,Drama,114.56323200993597,43.34925955070954,12,2.876450274588345,0
80.39181253533732,Horror,110.27196895505577,95.72995594283658,4,2.4656191775118526,1
185.80856758721356,Sci-Fi,124.02667710064792,50.549119108502,6,1.3811477272877286,0
103.24326987338941,Comedy,66.45741117299556,62.11391015052333,2,6.029355114264893,0
76.77488365635372,Sci-Fi,100.71813218464368,55.40273330535739,2,5.901148823399508,0
46.168202961405356,Sci-Fi,68.82840354267884,57.86331624542137,2,2.8471053410227825,0
77.20010018004082,Horror,125.11480861756262,75.02769773331266,3,7.257964658073103,1
73.77163482723876,Drama,93.10465072416702,24.519076250283483,5,7.669963374667127,0
36.654358284716494,Sci-Fi,70.71054803302056,87.44216611775964,9,3.331883848439001,1
41.768948501670295,Horror,90.15533689952576,80.1696357442288,6,4.0968978762676285,1
88.10458063008039,Drama,113.73390503664463,52.98823682852857,12,9.91424505112531,0
184.59121053036128,Comedy,104.86929043610475,51.04881641731931,9,4.368380210656608,0
63.32865289058859,Comedy,80.67108602418067,76.06420436771293,10,7.847215045804917,1
16.364045002181843,Action,67.3782849567346,83.62185109857613,5,5.07452883966946,1
26.613772782979012,Horror,111.84831967576255,64.71380203744084,11,8.140103450748782,1
110.34416303281746,Drama,95.48079733123848,61.04343072378211,6,7.921209149043831,0
19.999451090535235,Sci-Fi,103.54798225339873,36.79570288985043,10,7.00980422678682,0
122.63134669429712,Comedy,106.0078703127925,89.35713702017357,12,8.693005116660213,1
106.19517087383787,Drama,120.75164217938296,73.62077612749135,8,9.452966453899167,1
61.67527236424513,Horror,131.17366254424783,78.86463829989471,3,6.219849884068755,1
36.93972782685114,Action,113.66273002396107,52.09116928646226,2,3.1372201650047113,0
54.969111236475,Comedy,101.98843625600891,60.209510664675726,3,4.587660654796675,0
86.54937567647188,Drama,110.61908845239506,91.88235181573553,9,7.824751421619639,1
20.672526984403618,Drama,101.51907581850946,88.54403147668354,6,6.8579513661148255,1
172.46861241942264,Drama,68.93616615917196,53.067653730654904,10,2.6001850470872387,0
85.97726627961833,Horror,137.29865428223937,69.73258640562366,12,1.4611558703178225,1
93.14429766608625,Horror,132.58597156219508,64.37176935918093,4,7.146654341878584,1
105.66930714191722,Horror,159.7083498395149,75.79505985051995,10,3.259711216264108,1
161.553706656983,Sci-Fi,167.0124826619402,61.4888194286132,3,5.4970321935614805,0
77.3386268009887,Drama,80.59949669368099,46.898483846745364,2,7.720720952613348,0
110.39094214627518,Comedy,101.6150019905293,94.00780534563752,4,6.0640010259069985,1
37.4828916433334,Horror,172.78848992175358,69.46807474527034,9,1.7497232480061675,1
209.61499376724166,Horror,108.98623461044413,90.35677478561216,4,2.6702221310519985,1
73.50317257094385,Drama,116.10527256366879,53.02655145908947,12,2.9739536562782725,0
37.319225095718515,Horror,71.97175120763552,89.99349104050788,5,3.320778282803604,1
46.17831628262142,Sci-Fi,113.75721578941935,76.81257470298542,8,6.088630527554538,0
8.954282099482958,Sci-Fi,158.29850936897722,68.04534277927826,2,5.535692018428541,0
45.9312289027143,Horror,142.1656452525882,81.2201189663318,12,2.8284403452778806,1
3.4919702552052363,Drama,94.75038446203641,62.62329344502486,11,1.6079935911011836,0
116.0351157202474,Drama,100.09209083578959,91.63448903610876,3,2.542889840272463,0
91.13909978148179,Drama,81.72749268764342,81.20745736118636,6,9.85943181356743,1
28.16189738466789,Action,88.72092149375734,63.6379632910225,12,5.21692254812325,0
64.23308984238784,Horror,62.244701780338254,72.30640038909719,7,8.806109542319012,1
66.48080533816074,Drama,107.87950813350643,75.52304453870964,4,8.63877220001959,1
22.95611232578702,Sci-Fi,147.75276699826026,70.57120432088156,1,5.6036760171658635,0
55.894747531239005,Comedy,118.88579810234373,94.55379692993678,7,7.360189376144891,1
68.06470570211376,Comedy,144.1559747491433,90.83679028714438,12,2.7347680937144103,0
54.69977365246451,Drama,136.83123502314996,93.92234363646362,9,7.195570344342174,1
37.2865238432168,Comedy,96.3297977606843,79.11950663421385,1,3.4514612133696057,0
27.1666635645437,Comedy,91.01233346483879,71.52166431978677,1,8.488558870787358,1
53.178785782887495,Action,91.97038607871362,43.58750882829921,1,1.7535171979801891,0
41.30720985064839,Sci-Fi,67.07345128894877,58.372030061365535,10,7.9582480559674975,0
100.82148191207298,Sci-Fi,110.80825581988937,75.72049814886785,7,1.8994321591175758,0
168.18287750815142,Action,37.38839008557282,82.55660590819342,11,8.93070313204878,1
126.72099795972358,Action,124.78538773215965,66.0326969010612,9,3.7378406632150334,0
69.79361946001448,Comedy,111.79702339297187,82.69326196943355,3,6.8895402834751724,1
38.528646175654984,Horror,121.785996662371,69.18111801524617,8,5.3875205075825185,1
124.40242304709906,Comedy,136.42540707370338,68.71398820193536,9,4.29672830736105,0
105.14010681859644,Action,114.96986470847133,53.90355830442418,3,6.808976498651468,0
160.46069425363387,Sci-Fi,150.7892934413689,90.57465697971786,12,9.527706824961141,1
77.40012823352929,Comedy,125.54864527380525,67.95637922557184,12,1.3714277263715968,0
202.49574222288672,Horror,91.07182882959874,75.97499617337667,3,9.26967570294794,1
77.41788032329772,Comedy,104.05722394635303,52.46526894562602,1,6.481734895189121,0
38.36831137293392,Drama,53.46772433124658,71.65092527258393,2,8.265828706921472,1
44.670832518047455,Comedy,87.44523898819585,49.65625055739339,7,4.454874580908498,0
97.47454322662308,Action,100.47508985166523,86.72572861511912,3,5.246586773538524,0
41.21266466338596,Sci-Fi,123.65684023894164,84.13250720337051,7,8.819656766210475,1
201.5850987427443,Sci-Fi,91.24097428645473,59.1977045854455,5,4.733631728288408,0
91.8320251154552,Action,78.84339965163923,56.86744598990091,10,5.8119361007417645,0
68.64847768430694,Drama,62.811702424796856,99.69675880196354,8,1.1817543077589963,1
73.05914250483201,Action,95.08956203516705,65.10312335741972,5,2.427382052542381,0
54.23947023622459,Comedy,158.77129505919822,80.87465125466038,3,6.775178571773198,1
12.29256828141815,Action,116.77767587242582,86.81680533740159,9,7.452792109574894,1
44.69849294904016,Action,133.48948530887947,61.780519350362276,7,6.2434084310604945,0
185.4542663079371,Drama,87.49864418339376,92.95032715428704,5,2.289790326480496,0
78.94199966749642,Comedy,70.66375599744453,59.22650100423723,7,5.008648857200513,0
136.67490547706382,Horror,79.47306339779831,68.56932766331846,11,4.195852897268709,1
139.3238292190035,Horror,107.57172227105907,75.03508270247285,10,5.460952096315795,1
64.69780435205224,Sci-Fi,60.146778913018586,65.19998152423106,9,8.83296131098685,0
106.34468061395674,Action,84.83523958975573,93.44336709914704,5,7.9827529479278665,1
13.900260374685798,Sci-Fi,95.34098285071767,46.97430557555788,7,1.7559055125024305,0
175.6779274005048,Drama,76.97686734841747,71.39578372515729,11,9.01278277997108,0
166.3460843190157,Horror,56.90792456687927,94.26251373633218,9,5.245904360348412,1
95.57085371775763,Action,117.24134245524395,60.70920384254583,1,7.694759303973986,0
81.05413943762537,Drama,111.14678612211412,84.91385619745134,4,2.2603530813791695,0
65.35574777295439,Drama,129.47574669075323,41.19466373067639,1,7.036475731363432,0
147.41420043387333,Action,82.23935626868894,49.75302966289094,8,3.1269341584851214,0
114.98463843160644,Drama,128.9980685761868,79.45586186202192,3,4.945428074268384,0
49.64717282094425,Action,148.23260486217214,54.51525296179241,2,1.1517658307389396,0
23.951836699161568,Action,116.55536830592138,71.81009855430074,4,2.3644957413742844,0
19.668586197149104,Comedy,94.75159263883349,68.69078884907212,11,1.828724438112578,0
146.37346188328516,Sci-Fi,113.6270162377311,94.6807733054409,3,3.157697556444326,0
64.27293372919988,Drama,93.55531526761057,68.97530517817006,11,1.9001628102189003,0
94.45976558320709,Drama,89.39291105803122,72.92391975121741,5,7.227190239576057,0
70.71294036961757,Comedy,127.08150973758315,82.79952371603937,8,1.2613591198829743,0
19.937315368089216,Comedy,106.52374200532003,65.59965758768972,10,6.559664505624982,0
14.263080565227886,Comedy,140.12739133625072,81.92989078391889,8,2.2663704774301685,0
46.91261892699057,Horror,98.93942526891075,95.153673770088,11,9.506453114601072,1
50.23449035125096,Horror,101.47063548324972,57.32483475842616,7,9.397846657988689,1
50.2086001037532,Horror,95.8372251192132,75.48075554204554,8,3.0295279226886636,1
51.3986431671598,Action,81.99541403281987,58.7220528033069,5,6.529791684007265,0
241.69291349587522,Drama,130.3606224654148,31.156054489756613,10,1.252047875252126,0
135.27839049415226,Sci-Fi,164.64279161535387,65.19951028135671,10,9.386096887460567,0
79.77358082507253,Action,100.4443190358462,89.81212231538787,11,5.7068857737253875,1
63.037128823515474,Drama,92.98760140812485,77.18543809661347,12,1.389008362760011,0
64.76293272314395,Drama,91.36691290732273,43.672251830649365,11,4.082499937073236,0
112.1081350355827,Comedy,93.0066693099905,87.59425088730812,6,1.691645156751108,0
62.58474580093068,Comedy,151.24459215602005,91.84617589039165,8,4.536499954360239,1
126.0639689936532,Action,92.03798700600271,64.42284670934193,1,7.029337079451908,0
86.20771328707843,Comedy,95.3683299777615,44.491955430059406,6,5.229009172372956,0
243.11260335498798,Drama,78.99114369622569,62.616340036715215,6,4.45349957247509,0
59.714971518785944,Comedy,117.34121934657676,85.43865564539325,11,2.072413409864183,0
141.82896713925322,Horror,108.31926094622533,61.35922623807083,5,3.204451411242907,0
26.0943918721598,Comedy,81.570530604936,80.91940337589098,4,1.90128958964516,0
39.36470076210734,Drama,87.679260067048,88.21510979595931,1,8.267488584909946,1
222.40042304586808,Action,148.32333426338894,81.53037203974175,11,2.217158451862503,0
122.44618452271219,Sci-Fi,110.8176939067192,76.40636741123849,10,6.358360298940042,0
95.67933580811955,Comedy,112.54213488618244,84.37129630794674,11,4.084663722299613,0
283.72883298013,Drama,112.64134562565154,46.93292105770595,8,3.0338054618966517,0
63.73529094398698,Sci-Fi,144.8656347052794,40.26851023416197,6,6.755215955428934,0
141.6021394566035,Sci-Fi,83.86964094198224,66.88054209809093,3,5.113020784392466,0
148.67122436523522,Horror,100.09011199558864,73.3242304749831,12,4.601309205561032,1
191.59256091085388,Sci-Fi,105.77586983343723,77.08422190745063,3,6.335668044029994,0
23.26238713261036,Drama,66.97060436775689,82.83148231433373,12,5.421408656410007,1
63.409123612040375,Drama,87.09646208546641,71.28289030616581,6,3.731357876964047,0
85.12579145147652,Comedy,136.16687068202344,46.00309405556231,12,6.031551589887265,0
189.54145825534883,Comedy,129.00533740825293,83.92730963102866,7,7.025487188956251,0
92.93670930275432,Comedy,133.42667187755077,61.07413027816834,8,1.2402384272816884,0
148.88641747776998,Sci-Fi,95.27274443671497,65.14811867197137,5,5.192845560169078,0
21.243880450252405,Sci-Fi,98.35761899702909,41.832650202330626,10,1.519149561251894,0
52.45090554722091,Horror,65.29836262404919,55.79482346244258,6,2.6776487266129996,1
165.9299037111293,Comedy,133.29836355790775,56.09118232095268,12,6.044578606701758,0
58.12271174696746,Action,137.4163067191524,48.51020341384864,1,8.795700237390227,0
67.47440565313364,Horror,137.09802416339022,49.78361015562475,6,8.945251112696363,1
187.55794491576916,Action,150.102281336931,85.10535565838659,9,1.6294960912476815,0
31.79714262294653,Sci-Fi,120.55271483724763,75.35139080413406,10,4.77194577658036,0
38.81509026429869,Horror,148.92204591366732,60.907010490309865,4,6.247058347040961,1
19.02558436900017,Horror,104.98813477105304,61.088247250986505,10,2.3236291409530905,1
192.4899456236439,Drama,65.82474087486125,83.03035615994344,1,7.8888899507029455,0
133.59148462972678,Sci-Fi,131.51811693100294,57.03786916257236,11,7.698117325935149,0
131.3022446223784,Sci-Fi,64.90277184978261,77.0041730325384,9,9.130069123361151,1
51.25998654183135,Horror,114.25505123733413,87.110539208371,4,1.0763741087509873,1
17.575900708478486,Sci-Fi,133.8830950531064,91.98505071629432,2,2.950158195901024,1
12.684532699357177,Horror,118.10646990087993,54.65735553085614,1,8.444680428207896,1
166.74363665908447,Drama,166.95607676455688,59.7476413024998,3,7.035220457442419,0
100.23249981148555,Horror,60.85177514632555,80.02731322419184,7,9.049508683286417,1
114.03882495828731,Sci-Fi,107.92848318660211,84.21794157278822,11,1.5146168907723987,0
82.26709155871495,Sci-Fi,110.4363866313164,68.35680730777871,10,6.372675691447985,0
34.8197630993309,Horror,76.39742959543966,37.262690299328355,2,6.1214191740430675,0
53.19767432821524,Horror,81.15668023189286,70.05384722505741,9,1.3210697472447914,1
27.53815292970669,Horror,88.87178472933499,58.1748583562812,12,5.621698692212352,1
24.373960717349238,Comedy,82.50881764876844,85.29818177547098,11,6.485682801789318,1
126.2210918319657,Sci-Fi,107.3001337459033,92.72631318022655,2,2.721638567818965,0
14.007512016965984,Sci-Fi,94.92587749619601,64.55329543797627,5,3.459966248121966,0
27.71334505700915,Comedy,117.94770960239188,63.55947586274206,8,6.763126116679634,0
55.72645388830328,Horror,126.23576165507657,72.63756951689406,12,5.214708528399625,1
72.25763043937006,Drama,124.54447399297223,84.66464158293259,10,8.722122918114941,1
18.78184820542211,Horror,99.7468438703811,67.24148023427293,8,4.081435894082695,1
92.09766062959915,Horror,117.1118907366118,91.28298357500574,3,3.3999369254938103,1
78.91092633661498,Comedy,135.87822290441832,54.85218124192068,2,9.863793463103585,0
164.83535481333033,Sci-Fi,121.13911453193725,75.80231828971917,9,9.20022193117075,0
73.18360401588379,Horror,156.4744423610855,90.3430300038491,3,1.2609347049908188,1
98.84212188047948,Sci-Fi,134.5544746691672,72.00899086767885,8,7.936557537759093,0
36.5895569740801,Action,152.96017681621154,68.28702534101122,2,1.9930129644268266,0
37.959493201287806,Sci-Fi,47.69142180174838,45.211947745793665,3,1.2473667534643385,0
20.854660970109826,Drama,112.4169030285058,86.98807882646835,1,3.46325964369714,1
36.905001748983054,Drama,101.90168747619454,81.55770721656391,11,3.4241129115499387,0
52.56602300017786,Horror,106.87550674214462,65.64919461164192,6,8.373868861122682,1
154.0871133210586,Sci-Fi,89.87601449739651,98.31594112071885,7,7.396005213485516,1
32.16467528510598,Horror,119.90498500960449,81.72384957942637,4,9.834484845988129,1
250.12498901781464,Comedy,64.79108918956469,72.25023444860955,1,7.4036161028063665,0
105.04253914218553,Drama,120.08592157178227,74.26646524153678,3,4.764299979304431,0
90.399532095079,Horror,90.7072194954865,80.43953472346182,9,7.290348948506952,1
68.95477045412596,Comedy,97.49034774698914,63.22680792699218,5,9.995131604677619,0
59.35999842103725,Horror,120.96254423914344,48.64721822612813,6,7.391276943062753,1
41.82304343264075,Sci-Fi,111.96944319665833,86.23834803651927,4,7.855132203822865,1
17.99899613969934,Sci-Fi,136.34802278516133,72.49924866701994,1,9.445285136712334,1
33.18131525483763,Sci-Fi,85.76241235385027,57.32970403429528,5,2.02286135180515,0
192.1866213416917,Sci-Fi,107.98235869457181,71.68731842662524,5,7.3430586410295415,0
100.57676605119548,Action,132.21932792527878,49.2000013249086,5,8.65725362170704,0
191.0674809543721,Comedy,119.02999359378497,87.62456274810549,6,9.589407401988037,1
40.914309350966285,Comedy,120.6398563365699,89.23482464895987,11,2.8987236074052944,1
26.795497783387297,Sci-Fi,137.70107145958085,81.92178404530921,2,5.535361069518197,1
68.44226393975886,Action,99.8439387782618,58.56081082298362,1,7.124993628800336,0
34.286363584860744,Sci-Fi,94.57922807194322,63.10395796025497,2,3.227209565512037,0
79.48272707591342,Action,124.3976109233084,85.71021020564089,10,6.404255769252466,1
14.27576097625301,Sci-Fi,106.26421284972277,84.11934836282384,6,3.3182090424819943,1
7.6159474199913895,Drama,138.0550891924429,95.64545658854819,5,4.001113184784826,1
87.90850221679541,Drama,119.2443359278764,74.4801253832396,5,4.973668268597786,0
195.70732250252973,Horror,94.41623299274346,69.7422271284368,12,5.762710888719103,1
90.73016638414323,Sci-Fi,118.45960067027855,68.05972705576535,12,5.044292844626356,0
99.85465768545673,Comedy,87.43250839443667,66.35215950615294,6,5.438759678091363,0
70.66909631687597,Horror,133.6732117089264,52.77742439893808,10,3.6872988065946335,1
75.80043775783194,Drama,75.0711923362962,73.95354242404021,7,2.4306858462036756,0
17.068284713844385,Sci-Fi,140.55163185490463,82.11658394953777,9,1.426149795941555,0
35.440815456236486,Horror,118.02191277961442,74.46547960790285,7,2.763808502425009,1
153.03792710388495,Sci-Fi,105.88597575943315,59.35812037667477,2,6.237492773552047,0
51.62591103470185,Drama,129.08335377334691,62.74306950267341,6,8.07503903022819,0
150.9807857913614,Horror,122.78316610405888,85.32119618610629,9,2.523228376986051,1
74.255945222753,Drama,143.2595421414515,62.59487233048683,7,1.976998219953836,0
77.08394037592616,Action,143.02654345883667,69.66826575027069,2,7.743613244943252,0
51.94410573570546,Drama,118.80726110415716,78.91845151671735,3,3.746424974835607,0
110.3262609146764,Sci-Fi,88.20573279896057,75.0683852189056,8,9.563494953046172,1
129.27913870362528,Comedy,96.46227498884397,91.13088608532614,11,7.428861735493357,1
33.758190548616405,Drama,108.20882785470879,88.97396766416207,9,3.940804425187278,1
18.843889562202957,Comedy,137.04304235987735,68.309692159732,4,3.6058847301433445,0
9.696230280811957,Action,98.59033846656311,67.30473787942445,9,5.713285476441781,0
96.49039401009695,Horror,100.67648698924658,69.05576556701925,2,1.712302014503885,1
88.81335392893729,Horror,156.20876573168567,78.92213988104766,11,2.059088613807691,1
296.0521695356343,Comedy,107.39253721555683,70.18931483901244,5,2.5827209318457327,0
70.98222593824164,Horror,94.13170274333487,81.27982678939934,11,7.972512339741042,1
61.689306033047224,Drama,129.4161507098537,82.42868630443255,2,5.624716233422102,1
81.45000080914716,Comedy,108.59664292601038,76.92603163175328,11,1.0951041049699866,0
84.69713430231359,Sci-Fi,75.26002091416086,74.63826078119016,1,7.061648747248981,0
58.033783321482815,Drama,136.02285207018434,71.00853169945975,5,4.813211607944474,0
34.760163912645496,Drama,91.32401698251813,59.89552909487726,2,5.597671284674181,0
68.1325500937943,Drama,111.0896399597394,73.93310023067357,7,2.9270461907164202,0
66.19687158264783,Sci-Fi,108.29652215531608,44.552779941332794,8,5.966040055546933,0
65.38261340129124,Action,115.75252933674658,89.96071147312344,2,9.812379157763397,1
118.44005914509191,Horror,55.22314818588339,64.74071170783716,7,1.661002219051853,0
67.20270395301827,Comedy,101.62251303001914,89.72435142959496,4,3.5552565969798757,0
19.278597151117967,Action,138.12092650289253,55.24144309732901,1,3.186978335747468,0
39.88514573796778,Comedy,141.63613799729134,69.72636327723112,11,3.2369437967606163,0
57.470119727177085,Horror,85.21774045899197,69.71180152564408,3,4.408357218088396,1
69.63505435577326,Sci-Fi,133.0149560677954,61.43062708197831,11,8.362988062697507,0
97.9314220168989,Drama,90.9642561393604,91.70172102293273,12,9.215728209679487,1
70.05184469607596,Drama,100.63669351531792,61.13784454516309,1,2.8199357871307598,0
7.840228633591338,Sci-Fi,101.95039083851871,63.11592841489395,5,5.886549441533015,0
21.678366004622283,Action,112.7200927426352,67.85726936540722,8,6.7320907494893225,0
102.6934954326571,Action,135.03416140727157,81.81593095823146,1,5.696447269274604,0
56.240803546426655,Comedy,116.61461340072778,79.0488059346102,9,4.906687547772276,0
74.6422853285648,Sci-Fi,106.84670599190389,60.44712013911487,3,2.7277795527331405,0
50.73069445101041,Action,134.18278082595538,67.62531093166567,5,5.393974232793147,0
39.74267163408281,Sci-Fi,89.93346524415713,90.7855230312278,9,4.61093344940196,1
52.23528264876517,Horror,108.06956391330127,78.46124892025065,5,8.160070262520428,1
75.30720923947322,Drama,134.89453070943821,68.40529736716346,9,7.872439232466957,0
66.82408621330056,Drama,123.23265529476433,70.417515866837,10,2.2059881308510363,0
128.705968685898,Drama,98.34240056387719,78.1867495348249,8,1.796671473067608,0
15.628647672072628,Sci-Fi,72.17608083499331,58.67006344189454,7,9.173385489047527,0
18.06215056347899,Sci-Fi,117.77145476987029,68.77416611216024,11,5.81957550068048,0
55.72039389273243,Comedy,70.53311995242527,38.24884161995388,1,8.720208435543316,0
98.7189438246,Drama,104.68746588272087,61.5319194367601,4,1.5233600850976103,0
114.05556044439311,Comedy,139.47370998091668,93.22433078332244,9,5.738640548694672,1
41.10743698644859,Drama,124.91896615754624,51.1172659885025,10,5.854838631186127,0
2.417553091769832,Comedy,59.40865054969582,15.667259847852188,8,8.74631829287935,0
42.25012527643695,Comedy,115.01128760850793,43.19032802848813,4,1.8784899840673677,0
89.0151641121242,Horror,102.02075213493514,48.681518949337644,12,3.1640100730831837,0
65.87919055670652,Comedy,78.15706498186375,71.9370089893516,1,4.6588448249831185,0
101.27861433950389,Sci-Fi,118.37553239505256,40.49012123849966,10,8.792573278779479,0
149.5138175802203,Comedy,97.70655378023181,50.086848547034194,4,9.449949835635103,0
58.81075109429861,Drama,97.86164903401256,85.83384141689908,3,9.93452157634265,1
46.29570144574694,Comedy,113.10112796066801,82.0969223535952,6,9.632741378126694,1
30.619097946195147,Action,94.35288672746289,65.5750213209717,11,1.0534758025991897,0
17.953773842922605,Drama,112.39339584666408,45.32266930164251,5,1.4293750730848482,0
13.23621710721617,Action,95.16687775925165,77.77933942092697,5,2.328461372418298,0
37.74096698435323,Drama,96.53846348443645,88.67533133265977,2,4.139758870932458,1
136.07628744162673,Sci-Fi,134.8232442323882,89.74900200653036,12,8.469262278882628,1
108.15992288501549,Sci-Fi,137.3667909095069,69.92332770485967,3,9.033905758019324,0
44.51184131223431,Sci-Fi,67.28364382143437,83.45256322128759,11,2.6815096566512473,0
251.64411804668188,Action,128.67682109616382,59.17455044355132,6,6.576977364577378,0
40.0245353536511,Horror,144.96477511565263,61.58192592285279,2,9.25625786558749,1
159.01334951363287,Drama,148.9344204350894,83.52712806731675,4,5.173585623381887,0
184.18290703501856,Sci-Fi,123.00949314712797,84.11323054151057,2,1.9318921475750557,0
93.35219531695373,Drama,83.56505355640256,65.50798029637674,9,5.1203228507616245,0
37.436368445176484,Action,125.74952100868836,48.288483150395066,3,4.382154120592515,0
49.525057658711795,Horror,88.26869111960208,82.27936052401607,10,6.198921964594063,1
76.66550244886055,Action,101.42587084608365,82.6606480557786,10,4.947928159663933,0
18.492607854344087,Drama,119.57705392612047,83.65808746528351,6,1.1561133416834615,0
28.027275978296565,Horror,89.88101633453152,34.42454352630252,1,9.94597960072304,1
25.90130742236104,Horror,81.33999233205539,96.58987038363655,11,5.891862139575139,1
98.39660313804353,Action,121.64433296227058,83.22602778648314,10,5.262676799361486,0
148.5543617500383,Sci-Fi,156.68060510780788,80.17342253919814,3,9.591556343536485,1
111.1116298503006,Drama,141.0808582619866,87.20541889921196,8,2.4027433082836938,0
132.4644924394054,Comedy,127.67965462625237,86.95451067757011,5,2.703138422907234,0
34.7250526246391,Comedy,134.47963588974332,88.95375841106195,8,8.272132741565052,1
51.35329289597931,Action,125.9429874295479,57.040241987648486,2,3.347479720225079,0
54.53449111017824,Drama,121.24750573523482,93.0421138869474,7,8.193043956623743,1
93.08845453573622,Drama,132.46544598996618,80.46734121708552,9,3.4438013461765227,0
38.651259056339995,Action,75.79092269864944,67.55879808592704,7,1.2986886720250133,0
126.97524640392642,Drama,114.98713248607282,68.01930044176503,3,5.6531325149804434,0
180.84369034130992,Sci-Fi,107.97629484390391,88.13164307089608,7,2.7701779071417523,0
96.48011510726536,Action,111.97257077861408,66.1456357305214,8,7.82061663639224,0
49.54068160520718,Sci-Fi,98.46569463133027,80.27669133957042,1,6.770796699089333,1
32.04213084477995,Drama,123.0121961193558,79.87965198796653,3,9.31242401180126,1
25.95913988135991,Action,89.55179975780982,66.8588177864915,5,8.046895215391622,0
7.953694443091185,Drama,96.65362676519914,89.18523798498292,12,2.6269835935665418,1
55.88145835774896,Action,93.65300215869749,94.94513402685133,6,8.201424129983167,1
53.36942335337581,Drama,131.59866593174672,69.28500067081174,3,6.77563340332621,0
121.70463423671418,Sci-Fi,109.70691241977016,84.90756280765017,4,7.020564775845624,1
40.86225068946451,Sci-Fi,98.47919150508092,79.6648512640361,5,8.49036597373134,1
58.403577670050666,Drama,100.66425762459548,78.10137896374584,3,6.164416622700462,0
82.34961208087935,Action,110.09701541701018,98.80717553407828,4,5.1940316291771165,1
95.37040518690273,Comedy,150.55437297174635,85.35439316448029,5,6.729769318228552,1
112.27162252515433,Sci-Fi,79.0869915913332,49.12800577949642,2,3.6816168606252315,0
76.45830426814258,Sci-Fi,126.88774994199464,90.41817432307285,10,2.6433741797838937,0
19.619412575676787,Comedy,121.7965584507752,67.91308120663896,9,6.549290542641217,0
89.50974135130141,Drama,87.92586503883061,75.7731564330647,10,3.1046353217692992,0
38.37049483804731,Action,146.67183225386717,67.40438123746068,8,1.7192359841194604,0
153.2348007543752,Drama,123.4820112720169,60.097379006944365,12,1.0049876612672852,0
67.77117027744079,Horror,97.30666741925609,68.46611718453292,6,6.474874612600604,1
79.8879488705535,Sci-Fi,63.5146668513435,74.62348408035227,10,4.259339051322131,0
311.4756170607693,Horror,115.72867086247781,92.94751642416985,11,7.770798736061104,1
113.62666482255707,Sci-Fi,108.88136038110042,86.17175648569251,3,4.376587584817922,0
88.35023656040632,Sci-Fi,84.23217671834702,48.20850173384588,11,5.374031034144041,0
59.76938535161569,Horror,83.90963974660909,69.4297591375515,2,4.663764755338464,1
21.323713685198825,Horror,131.7127466779876,76.45387771704706,7,6.855173119984115,1
56.444815170353486,Drama,61.107627316975126,52.24867922278806,8,4.205252458134714,0
31.685078324840443,Horror,117.8570688768259,64.99710538847225,10,9.67390884948078,1
195.4250029203804,Drama,105.31407561722847,96.23139193738525,1,9.425322879386771,1
89.19483882934593,Drama,122.42887070883599,94.36096626317548,6,8.632251123915532,1
149.51912496316817,Drama,102.64237475349496,68.56436344030797,7,9.282702435154732,0
39.87522124433467,Sci-Fi,117.33187413150786,73.72056030325147,9,5.0422571961345195,0
33.79400032238691,Sci-Fi,91.43062888678227,72.5660469581036,12,5.827873571105429,0
106.05994282087487,Horror,108.76987709566579,71.33588348818073,3,7.6788333330242,1
30.536497658323913,Sci-Fi,122.22709695376857,66.60425118717208,2,7.26531332444687,0
46.531945353331,Horror,113.77179678188675,70.55901006495253,5,9.016107360449237,1
201.52254928179525,Sci-Fi,119.5076710600386,67.94526500746205,10,7.446979245310257,0
48.085754168177814,Action,86.80196751370883,52.665645793082035,1,9.980962374056144,0
16.971623585752003,Action,95.2331359528787,82.01074926130157,6,4.136552198484319,1
10.813374866040213,Horror,95.66650401960138,54.81668159115242,9,8.496979680154762,1
14.842007703069333,Sci-Fi,103.08775611033118,43.93982904792671,10,7.278713405493978,0
155.43082958359213,Sci-Fi,143.9645717404457,84.98454084411422,9,7.222478006935167,0
42.036601372330686,Drama,101.14553111160748,78.82976697609917,7,3.93252035360499,0
305.2420634529192,Comedy,81.41101350586248,48.606770136962425,11,8.070416131807203,0
182.2173319409285,Horror,123.54114219626481,83.00708048065334,7,9.103384201128392,1
233.18420390731958,Comedy,143.66608578586204,86.95018105013872,8,2.9669361536850665,0
134.76414768447842,Comedy,78.46970370369226,33.159252673766474,10,6.629471534050337,0
102.18452661036429,Horror,159.32026886795225,67.66262294255499,2,4.529213461924977,1
32.71248763254241,Sci-Fi,120.3794150580768,59.22887129571828,6,9.905933073653893,0
66.49256221734178,Horror,135.84726972670978,76.18088814965823,5,5.3094953424851346,1
109.48158009252649,Comedy,146.67679087608286,82.88450735762977,5,3.0548815641724842,0
129.1669794136509,Sci-Fi,134.31544106769354,76.38118465489462,3,4.436718626996493,0
23.381766280842804,Action,107.23661007480796,60.066235100985544,3,6.884545508349636,0
57.15785367847693,Horror,140.44245360478538,86.8544938628346,6,1.6848043421461865,1
62.4875537425625,Horror,116.36499424677298,78.61361231903463,12,6.432417281991138,1
60.57521424534572,Sci-Fi,137.262118122691,59.93445770471991,10,9.381022832610082,0
26.531154194078685,Action,139.9968870945171,87.32273245570461,10,8.653265088920655,1
215.56123920169725,Action,82.72758525068079,87.2873748629222,7,1.6090618299218504,0
55.64168036972055,Sci-Fi,129.85752829942516,34.72726935980492,1,9.940508908651614,0
28.38158495432988,Drama,105.45270203716571,89.36645763050603,3,7.288542313334912,1
219.02286418860857,Horror,113.45476591960038,72.03926838605537,12,2.460527418826213,0
182.33179001501298,Horror,113.17731872106994,28.868654673288592,1,1.1117448025248113,0
74.2098626928417,Comedy,112.17425543938396,64.17691149949354,10,2.541543726629362,0
45.380358814600854,Sci-Fi,148.088132805726,78.4886408721463,3,8.543583286171646,1
13.570420494832975,Comedy,75.83880932764842,83.47618305836806,5,1.1947539245064736,0
96.86146658811853,Comedy,66.94141607825534,89.00938301162778,9,3.098325732562779,0
42.76824700555548,Action,61.66774820836067,62.474704519185444,3,7.8157503580138785,0
65.25587344192479,Horror,136.72860659839785,94.00987641006495,10,6.274994823083216,1
206.4514395862665,Comedy,90.6640627033085,93.09344437405875,10,8.044621393241727,1
40.1534052184235,Action,113.30466173787215,81.30292210336239,9,7.715354534441092,1
93.92226828868328,Sci-Fi,107.13207189688552,88.94357468926127,1,1.4554124840962426,0
114.56787002659077,Comedy,87.84062148400051,41.17333663057849,6,9.032602771847364,0
152.2162669659857,Horror,131.28693093889245,86.21823356950847,9,3.0432865085404184,1
61.62732405387068,Comedy,106.81342579456539,74.76790882082811,12,5.980531962067873,0
56.692410401256595,Sci-Fi,104.05662307404037,69.18478111487836,5,6.798593408750009,0
55.64191872745547,Comedy,115.82178269350628,74.85797627841438,11,2.5176538979658583,0
87.49366614017882,Horror,128.01930212095542,35.802732264968014,10,9.78608131030877,1
177.27365328135215,Action,86.02559391163881,65.63657992312305,2,5.393403604785781,0
53.62314046915367,Horror,131.82295868333216,93.40882984135588,5,1.518784260376541,1
3.489361631601109,Action,146.24633799433374,35.75359865528619,1,9.435358403000563,0
123.53191639282308,Drama,74.3469407809706,87.15472227783906,9,6.276410588739413,1
70.18623417542037,Horror,116.95747447819579,88.04251680530885,10,7.292738781832387,1
97.01650107596117,Horror,102.37694469106681,60.10260264829688,10,5.7265821094080165,1
14.153195995349574,Sci-Fi,127.4807645180035,82.00700956715718,9,8.512641592992708,1
42.90853092652854,Comedy,79.58351968682872,67.23550146093619,6,1.298201159738898,0
116.66873645269624,Action,150.7234556410894,58.98333784403407,11,3.41540528749433,0
20.607536299886526,Action,69.80262983927327,74.33887211505383,9,5.22683520762423,0
93.77021421992085,Sci-Fi,103.89297650558665,62.29506736133168,3,1.6894325468233904,0
64.843034015432,Sci-Fi,120.857401899884,71.18411286227072,4,7.353160023939925,0
35.47262443512238,Comedy,92.84157882662937,84.62814266572349,6,4.542970726500767,1
32.968438412568815,Comedy,88.91496128857406,71.81202266357927,4,3.4540119124132964,0
26.76555375761904,Horror,115.5558909157631,69.76706693789906,1,1.0304096212757106,1
69.90279508036022,Drama,111.94399799977701,65.18247727252209,7,7.4784728057495835,0
76.19946109572274,Comedy,110.14845423537874,54.92356627164978,5,8.504283779855756,0
49.45281902349289,Sci-Fi,131.46721278664066,87.73585170798111,8,4.555364821133486,1
25.213827017444356,Comedy,100.13818266429946,83.65844006522501,9,6.07796179330029,1
91.8471221340831,Action,117.98981624487512,83.51591693856683,5,3.0491796333663856,0
125.0878887050524,Drama,97.33492979310464,63.85419531318708,8,6.599778816521198,0
104.02339096423042,Horror,88.7667628542648,73.03398932648273,1,1.1092371248368047,1
239.354242195885,Action,102.88103428774954,94.5835087876823,1,5.397795073888826,0
57.66092901944239,Action,97.53087032015921,78.76939028362607,7,6.79784933656623,1
165.85116096507872,Drama,98.77990497093046,77.4644719302151,6,9.263725959067607,0
38.56350389179882,Horror,139.13318544505404,85.91714536731179,5,4.432022354100559,1
33.326906284913335,Sci-Fi,103.64741364911114,81.36501646728445,5,7.886711826829268,1
73.20409294515146,Horror,93.42733319300338,78.38520622932737,9,6.379183269491507,1
190.68033791626175,Comedy,110.70196935119976,87.63876864370327,1,9.343109016325725,1
52.70446645338459,Action,112.60569847821019,84.93053732486263,8,4.5853990809348755,1
14.141346834878895,Comedy,80.32796926014822,89.17187599096872,2,3.871858058856892,1
123.45904142609116,Sci-Fi,102.5398432019039,79.44720023388678,7,8.984277988247294,1
62.727411650272714,Comedy,101.53289189753507,50.85863871453916,6,1.443199612674602,0
83.31484359341978,Horror,105.69639315728817,84.23935911807536,10,2.2274685364030913,1
34.89260798763254,Comedy,128.13820932594965,78.90259448787688,2,1.7416399112564,0
72.68866237331028,Sci-Fi,113.41679677907206,35.27922717366657,12,8.587989609187623,0
16.561935620592973,Sci-Fi,140.69843368463327,64.34562133413397,3,1.0954668103328746,0
217.73711246627408,Sci-Fi,109.70849110277962,44.37068301117259,4,8.754914399473433,0
139.43926958318232,Horror,154.40218200950162,72.08017760369863,7,5.061410158341402,1
70.23246029848485,Sci-Fi,98.48062465670868,68.21033991720009,8,1.0362275096857367,0
121.11167683942541,Action,90.7609404708719,59.20399896686486,11,4.6148065949083765,0
38.65012440152594,Sci-Fi,123.68256686942435,51.152007225241825,2,2.6812075694053203,0
135.2516881732094,Comedy,144.10204843662544,89.33497037936846,8,6.619604387249467,1
50.83021397356771,Comedy,75.52991738536934,54.14347721818198,11,7.114229109294819,0
47.91930612545559,Comedy,105.07523379464212,64.83424966254093,9,5.387748133644998,0
28.50792096680849,Horror,94.73045137285322,83.80505932276998,7,1.3646757289570297,1
91.02093476587524,Comedy,113.571275324802,87.61150244579568,1,6.905159239304817,1
67.92519142863074,Horror,110.25044808748511,85.32403345370476,6,8.578349052449692,1
169.41704136749655,Horror,143.63453119069302,94.87248402885807,8,7.482918495937613,1
25.477936929172806,Sci-Fi,107.28988017813042,45.04066422768566,5,8.469621270597866,0
91.32047458735683,Action,144.36960247425571,83.07656822668305,12,2.804585711957987,0
148.7025837149246,Sci-Fi,102.12249159953285,36.01932828720715,2,8.999991456908344,0
77.21686085913515,Sci-Fi,133.16204687763042,70.75755320497623,5,3.899741055831665,0
50.041708144823865,Horror,115.71657570341797,87.94217749317504,8,1.1206433282679193,1
75.74982825809131,Horror,153.2471349670861,56.83436439585019,2,8.590524816961636,1
160.47956583687636,Comedy,73.07462842963929,85.17020100537555,1,9.47639142068254,1
160.43481991921382,Comedy,80.90355705600439,94.2235403952442,4,6.900023776756139,1
60.75361442840077,Sci-Fi,155.79055711645967,50.27388941894164,4,3.082929674170822,0
158.5761649056636,Drama,91.66837266284115,76.6025889193514,9,3.2657001785427733,0
65.49272392771861,Drama,93.25491604810347,70.69009427460577,3,5.199335860920575,0
120.17965697817486,Comedy,88.10691036250364,98.08011234487294,4,9.080479716412775,1
99.07297688183105,Drama,138.7111489133431,67.06627049569765,3,2.3463789053280255,0
48.413692478074395,Comedy,78.66355966937189,45.03540356679504,2,8.433763026251382,0
29.47752495302254,Horror,110.56126030694152,82.23468851425822,4,3.621725278346353,1
151.34271213235542,Sci-Fi,103.35945445548656,95.90650925290248,8,8.277275524861881,1
180.12624444324987,Action,135.91288958761086,94.51630029903161,1,9.282440778413848,1
89.7640224445978,Sci-Fi,95.90793344170888,53.22236980538343,8,4.847444847948882,0
65.4250003687454,Comedy,120.38181447783185,60.44261540339103,8,4.285455886949777,0
22.43558138386634,Comedy,80.71959566556825,42.923512333476054,3,8.219991870741715,0
148.72844495920185,Sci-Fi,166.84852596693003,81.00570355994783,10,5.765345941414546,0
82.39170525965352,Comedy,104.01019188365728,85.72635198663384,10,7.160041436168774,1
54.17071286996734,Drama,110.21908712213418,55.312754697546865,12,6.605463132650616,0
122.54143636992947,Drama,151.36885897126353,89.83159335425081,12,2.375999610803167,0
18.51780336887126,Comedy,95.33318064236977,77.92454690864524,6,8.603113242606055,1
27.203257673670464,Comedy,151.6845585734654,86.9576749571521,4,2.761976002718226,0
37.43532802993385,Drama,99.71322064655098,57.58614901391479,1,9.390539296637026,0
96.88185412106947,Comedy,126.79245459553148,53.64159641413384,1,3.2551416227993304,0
76.37687086986377,Comedy,95.68295899601753,78.74475970335074,5,7.604928759463677,1
105.1086016854153,Sci-Fi,76.09908887138164,86.9714961714991,12,3.5618985414423285,0
141.9585895889297,Action,120.3648587635154,70.72570295408954,8,3.8600686772817747,0
107.77876184540094,Drama,125.99758502458832,93.14640913807277,1,3.790016675040748,0
220.77308196000516,Sci-Fi,77.10285644184404,85.52404760846983,2,7.731030286234749,0
141.73484348731046,Action,102.3235420272822,91.39840910182208,7,6.0113360617245375,1
60.641429829156166,Comedy,140.01897403842267,96.36117310188885,8,8.946572102627474,1
42.66740646201313,Comedy,125.00297376991526,89.7659063812464,12,3.7663544728364036,1
62.099980217318496,Sci-Fi,100.11962495539873,80.02900867990056,3,7.227932698510699,1
110.42332976654465,Comedy,95.06185745913861,44.933200739380915,11,7.776537396967996,0
46.612116858711246,Horror,158.7061081283694,96.40089371525922,12,2.363339017269624,1
112.55933104744386,Sci-Fi,73.82669825492854,56.807013141427795,8,4.6053042158783,0
103.76054410782157,Action,108.52003563978494,65.4829098465105,1,5.3453574491537,0
29.08876474330362,Sci-Fi,73.3825781576514,54.79279881028558,9,4.201186509049369,0
139.94104192107224,Drama,142.87036612110703,68.94183590161296,12,3.899013363722243,0
87.48882599427675,Sci-Fi,109.82190969479159,59.38053022461133,2,7.177779045978777,0
213.76984198684454,Comedy,114.45435211923586,76.2215585954769,2,2.942797578935397,0
65.66886240786016,Comedy,179.2223077406902,85.04108760319095,4,7.384516707260159,1
52.20412351265007,Horror,95.16318310659017,75.11531685616403,12,9.415397767516575,1
25.715569980279028,Horror,153.71439785146333,59.46315448028936,10,6.08677769059976,1
25.331111769446025,Horror,100.23170213979529,88.81333099206083,3,6.502908130655267,1
128.76630383411046,Action,104.16218856037754,89.86537218376736,4,1.6203943191168018,0
199.76250825616503,Horror,175.954381415515,45.41972623381747,6,8.780292132560454,0
61.41708643339442,Action,105.97274056845816,78.07809200892875,7,3.56903008479879,0
58.32323919405856,Horror,75.6407148926188,91.6021532175994,5,6.535460489757083,1
70.34997004592472,Action,117.0479697031578,66.8034123213364,2,9.812009527703221,1
146.4652091326073,Sci-Fi,105.68157937082489,74.90202898448496,3,6.3595234051552705,0
29.32962626628203,Sci-Fi,119.1773960433465,76.8986827832609,10,7.522385387179398,1
79.74912747154686,Comedy,106.66005516680576,67.6482447436275,11,5.007876564013767,0
130.77005958035858,Action,165.3886154051191,78.11676476877288,3,1.5432925916355162,0
96.03538416422238,Drama,123.91839597089839,80.2394943249713,5,8.178394145408095,1
1.8367590443825352,Comedy,83.12588430685454,95.91457639062969,12,1.314989571375871,1
108.15631858176694,Sci-Fi,113.11367005059635,78.84017711424025,11,7.305920459990687,0
96.70273315701031,Action,90.00925439582403,95.66210096431114,12,1.2062941583467324,0
165.73572022235058,Horror,103.80715393742615,61.595468434389545,5,8.760747129190035,1
189.3929841231602,Drama,87.23898223582944,76.88981522195985,4,2.4187243224968253,0
160.23083222852162,Sci-Fi,162.67796308015056,73.498258245365,8,5.62844345898296,0
70.63840538344719,Comedy,92.71538462054446,83.33109729140477,6,6.374356340348326,1
13.441053647328596,Action,127.18910879985341,63.88861240627407,6,5.117908666360709,0
57.99019593515301,Drama,101.91301445308432,93.5231692990727,1,4.0668714041399845,1
68.94373142025717,Action,81.03967068568025,79.81484368206196,6,5.2103286656287455,0
198.09685396812614,Horror,114.94123257248766,62.32732081114306,3,3.8027417849304284,0
35.20612993693599,Comedy,120.01729592714267,54.25549955584758,6,4.943101123727768,0
19.09432495846278,Action,123.96566331886285,52.272987947090634,10,4.230216918982276,0
46.864138924554396,Sci-Fi,44.44452113647644,50.171762066164845,11,6.095843411564307,0
36.92186245199227,Comedy,79.12885715827272,56.057410849873854,6,3.141317460204851,0
17.222763311551294,Sci-Fi,133.9388679755471,87.39469945796485,2,9.897908994226112,1
62.466541837600914,Action,86.9098259347802,54.7962042169328,1,5.50782958043949,0
71.01509766421529,Comedy,115.07360125775278,78.25184635070559,11,2.747458696730587,0
16.171720119828635,Sci-Fi,78.54938261928037,53.8997455513186,3,5.293600746105453,0
51.940056286035244,Horror,128.290027553961,68.10705214260466,5,8.797736165723418,1
34.88035621395083,Horror,133.28173989988935,68.90308811928142,4,1.1962611381195605,1
72.78474763936633,Action,128.29774765430918,65.06537250798645,7,7.115987071965599,0
78.29325077871974,Comedy,135.81392030883993,70.0524262470856,4,5.931710171145353,0
34.88662916070291,Drama,149.09750362248832,75.40940435299326,8,2.52602194933122,0
139.0982636605126,Comedy,80.64814670977563,73.99303117933508,7,8.357287953744287,0
67.77326239774769,Horror,90.28320172121593,84.55533755341779,10,4.319961601366051,1
36.36793826238913,Sci-Fi,132.43858925759486,55.785443111389924,9,3.644218259339567,0
15.069686252813938,Drama,138.255494295937,79.53548623976918,1,8.45312672671211,1
81.43432334176686,Action,93.14142616070185,79.49275944676923,5,6.746725415724981,0
96.5388808256396,Drama,91.4028483668604,76.80364731359623,4,9.08433175307342,1
44.70345419579029,Action,93.69466275173735,54.289306318100905,6,6.668953333040794,0
74.53796423267244,Drama,69.87262589890135,86.55485360752753,1,7.667358921389038,1
189.38701473468012,Action,78.21472044564811,57.71174267054607,6,8.528013066336516,0
124.53130817378936,Action,78.81768387424617,91.05991660327398,1,1.492656723189432,0
5.851154958360244,Drama,102.64753815485916,73.5622418370373,1,7.984440629824423,1
35.99869053301633,Drama,116.77091289584887,74.27791936148864,8,6.523358336646191,0
60.115702907703515,Action,120.83682079105931,59.588003293246985,2,1.625570168636739,0
70.71455120709508,Horror,97.28594366810798,91.33422157524485,10,5.577201296818436,1
75.76072024459987,Drama,97.90032209297803,57.841319980010105,6,1.742122701855585,0
92.19158961699983,Comedy,113.09153737878154,88.48425465645194,6,7.623524815509001,1
61.70409271013953,Sci-Fi,72.59963607126433,52.95081524849873,6,5.9185154250809475,0
67.64480213940804,Action,133.98601330207723,80.64693001419327,8,9.582161836710675,1
128.99301562951328,Action,142.13463197535677,78.30646374398563,4,2.6482183441459286,0
82.62006182803346,Sci-Fi,94.360484057799,62.26861084532436,3,6.454301072683406,0
23.329488514114978,Horror,100.03909601628052,30.712158743880558,6,2.9042392111344224,0
72.43127007180094,Sci-Fi,141.08280562112924,51.18680729061208,4,6.526584862546585,0
60.24687297549225,Drama,106.92371022525252,60.29954863325684,2,7.503847321247708,0
9.058859293562964,Sci-Fi,124.70613614879073,94.63039106805294,6,7.500738963965848,1
75.26702385629824,Action,107.69236515498065,78.68502062427791,10,8.335665916143489,1
26.43381226124901,Sci-Fi,148.90768471200687,67.12147220852495,5,8.681952051624851,1
130.3060993025202,Comedy,122.25199070628739,89.78007637830252,11,1.6954455364045935,0
91.24961964172616,Drama,123.6913942979798,80.72995828221484,9,4.0894044136516365,0
22.07285464451211,Sci-Fi,124.15766346833968,64.01352198628608,11,7.184102683238251,0
126.2872975678325,Action,96.1221565918072,63.878421165076546,6,5.48727658652091,0
167.524371302507,Drama,98.41902157693661,67.28640929242196,3,2.7160835207931235,0
54.570023146589975,Action,129.23114098899939,79.32502998149825,11,5.974386131500282,1
59.96873066554328,Horror,113.16032073584044,40.10136119707568,5,4.666920874895294,0
117.91377620109225,Comedy,80.55972480470568,86.92993073424229,10,4.510344498888745,0
159.2530584382804,Horror,156.8276106156195,79.32401661339587,8,8.287783456920973,1
12.394765553691443,Comedy,134.4517966824275,71.81553135510255,9,4.668385004489631,0
24.708771405331667,Sci-Fi,110.94065809612547,65.38946517437563,8,1.2380905493238175,0
47.622990604787354,Drama,103.16247545500087,69.43275000130085,3,1.5225700500198216,0
51.99143910647721,Sci-Fi,114.96689643825206,66.70563877296092,9,8.706196375224582,0
115.5769657700988,Comedy,122.93800247893569,60.94997440259539,3,9.645407290112692,0
159.80446220214947,Comedy,59.174981608248814,45.643586803287235,8,7.195684028101368,0
167.8317574321195,Comedy,162.80874273714386,90.12438905436298,10,4.279314646900722,0
12.04574235864758,Action,90.252892270827,79.57954187861262,9,9.447402842152547,1
33.11016167925098,Drama,109.95235917528107,77.79518684450557,7,6.965227777381623,1
40.5134809056921,Sci-Fi,110.87167206947865,85.62434481044092,4,8.59900194279404,1
32.98939844821276,Sci-Fi,159.92125546722127,67.27127910725417,10,7.892670736333084,0
91.05029829209322,Horror,107.79690397483263,71.87936976060043,9,4.412253841953332,1
99.0427638851555,Comedy,149.71268235884074,51.498381149271566,3,5.308319807657069,0
66.99886149826989,Comedy,120.16818673652784,57.10257199923331,3,2.6751893893128953,0
62.2069381684381,Comedy,85.95287844485127,75.88252532421038,2,3.6281269039666064,0
49.326689327700315,Sci-Fi,113.36768670257011,83.37276287964589,10,8.003130951578695,1
54.17561035615668,Horror,107.03728195712719,55.30131859871288,3,9.045805526947975,1
187.98454326154877,Action,82.89823787739428,99.07692095323239,1,7.520143809262706,1
109.52233781973567,Drama,118.94306923680604,94.43998538648304,4,5.186563269909745,1
50.871420254442725,Action,110.5525687462464,62.85401789523131,8,1.7785834204577278,0
61.2777067033981,Sci-Fi,123.9105426364635,83.99886414941705,5,1.512531538286034,0
92.5623289047249,Comedy,114.83381948995788,75.30063864453666,2,4.368930081515685,0
22.065733333937978,Drama,93.72242757464824,58.43194927977614,3,5.174395468908968,0
74.32400438863753,Sci-Fi,129.20834980725786,59.900229550579375,1,6.482085599919672,0
105.34169034780993,Sci-Fi,94.39004299366053,80.73364210252524,2,1.058405692482975,0
96.01893851194507,Sci-Fi,32.50823693041822,80.323071221008,1,9.907506014196757,1
33.699359692747535,Drama,113.21632369885542,59.936920097410564,2,4.275449950636386,0
39.470974437003335,Drama,96.14815681915026,75.17449290537517,3,8.632851974210093,1
7.792809545868322,Horror,119.55326260991586,90.47779557545984,1,5.814700350988639,1
113.22693697988745,Horror,159.97179339849285,69.79176171923051,11,2.1739550908001184,1
241.36824391516427,Action,160.69349232870144,74.19406749965687,9,8.178089972810696,0
29.568298987296664,Drama,105.871926944454,67.10158972678617,10,7.388443674278885,0
141.21286348358015,Drama,89.33712071884861,83.81637898170762,5,5.746924764363052,0
227.54897777227325,Drama,124.61708204794805,65.53708983537365,8,5.63097782200402,0
45.40937764887065,Horror,100.74436020334113,37.7928603258215,5,1.7873164517583526,0
61.3438198056397,Sci-Fi,119.79441305867357,93.31217606182102,8,6.902640537164867,1
80.64692454268831,Comedy,93.47848094432864,55.943782018736556,7,9.201206401788697,0
93.8521266875099,Horror,116.2673104005688,47.484459989542756,12,1.8392042729922253,0
83.87314235970591,Drama,89.7006461926631,79.20127768820548,4,3.3716030558401444,0
48.418264504573344,Horror,139.60633540078666,51.12106097692911,7,9.120771760978888,1
104.19143478687083,Action,95.25055773118468,90.75973766317634,6,3.55909518837814,0
49.343618232326484,Drama,126.52756339337424,66.26371826030342,3,6.8854930496193365,0
88.09764795316636,Action,78.38081792036202,91.33428943889128,9,5.813363484488297,1
65.16693020721686,Drama,129.52934641526727,46.6622600333684,12,6.366948445034758,0
10.626720544589192,Horror,85.84039826829499,69.56450438853801,10,4.742100114195278,1
155.37067521713874,Sci-Fi,116.52942017436273,85.15259986729612,9,3.6999232349834,0
40.39514887708612,Comedy,135.58002433369967,76.4738925556761,5,1.4368010565670208,0
165.8096064245642,Action,105.00042753608052,51.95096714813354,8,7.698528453647477,0
137.4228404882492,Horror,84.27082723135167,78.8970570002941,7,7.714841159748041,1
78.87191624440314,Sci-Fi,122.42031267839803,87.98634684538999,9,7.036531660708508,1
97.36062953960698,Horror,88.97546502533629,57.232669533106694,7,6.792704093076585,1
105.84440311130217,Action,99.89386002006928,66.11923628956536,4,3.1934541895077357,0
56.98656841096897,Comedy,116.63656648739318,54.27897214365497,4,1.201104403896621,0
59.156090189362025,Horror,144.01690090269264,81.18508161140532,11,8.278438571968957,1
102.25523598208568,Drama,110.66383384498673,78.74301289681841,8,5.420246821262442,0
65.70521002438093,Sci-Fi,110.57143774612808,75.86546578413662,6,3.761543176323565,0
48.54898247830329,Horror,128.43782234057127,78.10258655437848,9,1.9173871610251307,1
34.19017692376725,Sci-Fi,111.25929741682492,69.23380109414245,10,1.5644943181124957,0
89.97337394809281,Drama,125.88825499582245,64.44137941278282,7,4.139800496156596,0
39.25764203706907,Comedy,136.96333865157368,78.23438062605123,7,8.242633582902464,1
121.85279176037305,Comedy,101.80657124330001,60.77830809236552,4,9.268513744004474,0
128.99208641301752,Drama,28.12473415216361,85.93149397950012,3,9.070762281517583,1
96.82737574867613,Sci-Fi,89.55182266036334,88.14534188454422,8,9.280007512746893,1
111.55811721873295,Horror,140.21705027088257,78.62296340212258,7,9.169528088164084,1
97.03235572422119,Drama,109.15588046505864,73.12484664497211,4,5.745022764403562,0
117.1301576114659,Action,101.52174322680253,45.56367280477321,4,2.9747407470121345,0
113.69665626590768,Sci-Fi,139.16962483008018,48.625506831350776,1,8.182419245531383,0
86.51206647454248,Comedy,107.46687709425261,73.99702935221487,11,2.9234167736732113,0
138.6049988819201,Drama,57.6866698562711,67.57925657639171,7,3.404865490809122,0
58.59549344181503,Comedy,72.36744847479142,89.17526718841037,1,3.0992888964029364,0
35.1241399631488,Sci-Fi,120.46620052042265,90.0275750945833,10,5.634841633262252,1
33.54766648952569,Comedy,108.32772646013184,96.82933633564743,10,3.896447573521719,1
51.99462234195907,Drama,146.36641197073055,92.7610421148277,4,2.3874044466280733,1
8.899219811187123,Sci-Fi,91.66828290489558,76.09081359199112,11,5.078560707044941,0
78.29883116556454,Action,102.26248094990514,79.25438014216961,3,8.865165149066502,1
106.83348424562834,Drama,87.8874231734995,71.49741344899859,11,6.13497569454975,0
127.74884870281298,Horror,96.98514555798869,94.99335492156892,3,8.905020452988284,1
13.341972641092424,Drama,62.7024024686594,78.96557949939793,12,2.7628496657122366,0
34.52719818346037,Sci-Fi,100.3578833987367,63.119617250054205,1,2.502764863052986,0
119.32918665810973,Drama,108.70327840575246,94.11280834026637,4,6.180194131285782,1
57.150085992794395,Action,106.5917289383579,85.07837381689941,1,5.169960113916457,1
105.15733553421768,Action,163.73883159332024,88.42143817843765,8,6.941553774822612,1
20.964432316563073,Horror,155.83711442942453,57.84878499693944,1,8.151641119241035,1
164.5068073674696,Comedy,91.22751322597287,69.69227027450438,12,7.761765660869588,0
19.34678088422047,Sci-Fi,58.9015826336851,82.56381686488442,6,9.48035056292705,1
76.61842288456234,Sci-Fi,107.51999117671109,30.64418285509512,7,4.584307682413104,0
78.09010243085605,Comedy,119.41275345426551,61.57022457339184,10,2.857480680233627,0
44.36506658548861,Action,88.48789816542912,81.442178666704,12,5.958213759530972,1
94.4152752407202,Action,89.72560915185693,54.68384419558776,2,1.9966880817206705,0
96.32390468903512,Drama,149.5638742328133,84.79683557734639,4,3.5996601099846828,0
89.05348843432915,Horror,103.5612107213674,86.07757693293442,11,2.8709924973683,1
43.68652006392398,Horror,126.55625464239347,83.06140040771349,3,4.569073451173728,1
36.84209399685775,Horror,86.74235755363887,83.4892415483499,9,2.0009491750199384,1
47.686231496587695,Drama,108.57648853188017,73.56477341868471,7,1.2865757009328807,0
32.57707025353423,Horror,101.59154115913718,85.54248904383601,2,6.911146041670286,1
142.92925249056393,Comedy,93.1156690299178,48.91368248133261,11,6.492240804608244,0
51.12733364627219,Drama,138.8825102880423,76.58079504790504,12,7.375230424347951,1
75.00609022493937,Comedy,75.27807475917464,64.16344427171948,6,6.9434779624420955,0
118.99631767299,Drama,117.50142063778223,52.60761408679247,9,2.0286521302814515,0
31.165573442100808,Horror,101.12195861273753,37.54374965772714,12,3.619709932380817,0
18.520194370417286,Comedy,120.37061205089685,49.69359856487292,3,2.165739489103171,0
32.67847894033736,Comedy,101.46058419454107,45.404784817976086,11,8.586751618437068,0
81.16522606959762,Comedy,131.67982654797348,77.18116428628737,6,7.7221328981997095,1
77.17162643914547,Drama,86.5074350436962,71.05205824223705,3,2.813743026264182,0
88.93133738812037,Sci-Fi,138.9388297918828,90.3524222422448,3,4.071783164409041,0
61.47711925996079,Horror,109.27993263313947,73.55634201096785,4,9.699534930377927,1
3.385090549100825,Comedy,76.78743677462191,85.56708221414718,9,6.347434220916863,1
59.97015404121919,Sci-Fi,127.00538639757059,61.94850836800997,11,8.210400375710416,0
129.97864311471562,Horror,105.02875641205873,85.29859556938088,8,3.381319312918562,1
153.04130115517881,Horror,67.30405184651138,73.9111475000805,1,2.890476281613747,1
71.35052690950272,Comedy,118.31170209397176,62.60957904791981,12,8.055252359618937,0
77.3839348620789,Comedy,135.1648928819425,85.51363123672935,11,7.172852097082961,1
103.7885421503137,Drama,142.05339350900329,65.3443179631224,1,7.1288013629058735,0
150.16178150964868,Sci-Fi,100.54120293500584,84.2888506077142,7,5.973711236462745,0
66.69393406149739,Sci-Fi,113.63295138314345,55.86873593435325,3,6.07220508498894,0
102.78154661660331,Comedy,111.26340856982279,95.14275999063221,11,7.621277547756284,1
42.08679361787584,Horror,147.24506578928384,49.68441678050883,7,3.4300223300907575,1
21.410435609354806,Comedy,89.73778544066708,56.83806690526158,9,4.174916192712602,0
45.89328954939394,Horror,98.38351369488646,62.18136477247822,3,8.844730934680495,1
173.31693584583903,Horror,89.13199226375484,28.012420359644018,3,3.77978680910942,0
104.235619848879,Comedy,73.77123692217782,88.0361753164263,2,5.916786142413692,1
23.455190912167158,Action,116.19467952630205,59.94895271320958,10,7.323755176060157,0
107.62994435103784,Sci-Fi,150.0324582944397,38.22477909264984,1,9.99932344149859,0
25.221437694299023,Horror,105.03788853712348,49.59182575393267,9,4.9176219834579875,1
88.05469308033976,Horror,87.95258446142165,64.7409198529591,6,4.852835889624494,1
30.091919812389737,Action,114.6714925558017,84.59895905557198,6,8.583295414903008,1
22.177436404226555,Drama,124.72795446931639,84.09049692107263,8,8.24952800133877,1
192.55883068200694,Action,106.09092156408569,58.70818359843597,11,7.579682935610936,0
51.096025831710975,Action,145.08838329885444,68.27737095772949,5,5.16906673668126,0
102.91810834459646,Horror,89.69095264281195,85.98663815951073,9,3.915452081446442,1
68.80212747369438,Sci-Fi,102.82575908719093,83.32366548733347,11,6.478574343263638,1
27.150560518622044,Action,117.39969762107405,76.6297495618453,5,8.886009638184769,1
55.54488126398429,Drama,119.82409381544568,78.23112371627275,2,8.95399712387728,1
27.37355427444411,Comedy,111.18070230745401,74.54028055598397,6,1.9764851056339459,0
284.97831702733595,Action,78.0395019410713,74.17846738155762,9,4.855152554318356,0
115.94578292460021,Action,168.45028510515823,89.36129972821387,3,5.182497605788745,0
67.83354294607977,Drama,104.1007521238475,95.43562369630286,10,9.798538307713779,1
99.09890656421211,Sci-Fi,112.75668796461642,81.32880004858765,4,7.101982137183261,1
110.85253553813271,Action,125.4190273293245,61.79881108471229,10,4.6652177553586345,0
111.05591913420213,Action,94.08736593376176,74.95400659211222,11,1.234520973870337,0
107.79921617095334,Sci-Fi,111.4231605217694,58.00339024902863,8,6.088466440892764,0
102.13560023077548,Drama,93.07024405866764,63.45934441448824,6,1.8646837807452052,0
72.06604518523227,Action,120.38876853685576,79.09771827334605,7,8.510049616129868,1
182.91580495152883,Sci-Fi,103.09943378611077,77.429514309298,7,7.772667945133259,0
75.54196094481499,Action,116.71796318261671,91.96053760409299,4,5.144582439173609,1
69.32917495393198,Comedy,83.83656633785996,90.14010613687995,12,4.862897015875298,1
76.02459979092386,Horror,89.27708914984485,95.0090095496057,6,9.076050690118919,1
80.07452510285036,Comedy,75.87148307857996,64.14111791575333,12,3.596125153763156,0
13.459915898101258,Action,92.23674801684481,78.02141965833653,9,3.241179658960937,0
32.38276541886896,Drama,45.6618939075465,90.72673859405141,3,9.452776895431859,1
61.475504433051135,Horror,102.32249485780433,87.79712541331406,8,8.283212530781343,1
12.722322270270423,Comedy,96.64399320092684,81.86071868054364,7,8.385630337604752,1
67.75106734571966,Sci-Fi,113.77277409062674,59.17177099427748,4,2.7567443284833297,0
79.30373926684285,Drama,111.11519311085723,82.68664982169864,10,2.2896639228784097,0
20.46914111326342,Comedy,141.42699421202676,60.26316815951945,3,1.234265948354214,0
39.63454572561269,Sci-Fi,174.85775461935276,85.65120121515687,7,3.1333735802681204,0
157.16781693510447,Action,138.43847532876586,67.14061128856109,10,7.967714425428923,0
99.81167920983916,Sci-Fi,98.6723102656228,43.57298774795951,9,3.160345768877348,0
95.8463113933992,Comedy,97.66523125725276,84.49046896021795,12,7.561929552353885,1
144.57705454577132,Comedy,131.71657605889288,54.382129774334544,10,3.2671743883067936,0
32.94890250372276,Action,67.91638263567918,95.24283714959786,3,4.557632481556045,1
20.52999975098262,Sci-Fi,102.11992684591303,65.8853827178145,10,9.848460609202675,1
131.75462552448025,Sci-Fi,104.04617662390355,72.62425674043523,9,3.2033055815572204,0
62.820984003373404,Action,124.60328712047028,88.28341480526164,8,4.387335645684409,1
32.171160833313195,Sci-Fi,125.34665865351951,58.277561221421706,12,3.709784624186923,0
13.340185358885607,Action,91.38598649017428,45.59606243216903,3,1.9866248769700205,0
76.66891889578204,Drama,99.6406834573704,81.77470451377538,8,5.4090472791774244,0
57.326748326489366,Comedy,121.12760637081766,81.11169633295371,12,4.408215969997021,0
49.859419053477325,Drama,90.02698360203088,39.41519008160553,4,7.253983772265521,0
5.2598819766576845,Horror,140.1529608693571,73.55870483945809,6,8.358350922563915,1
181.34286964686703,Horror,125.22938083600603,58.96813349611571,12,5.898247430460747,1
16.855907638618326,Horror,114.28773870487109,76.14483256947398,10,1.2897677987860319,1
53.8230883409613,Action,119.77351495702298,90.04034684248604,2,6.570301206112494,1
46.86649889079973,Sci-Fi,98.32773457648,78.91541489212817,8,1.4985165701884529,0
101.91197948443349,Drama,94.34271444530953,87.5492480187743,9,6.547206912391224,1
13.509376313755359,Drama,99.38194459653198,68.05106786719145,7,7.1652695434226965,0
93.49449634703538,Drama,122.49916730649623,50.462012888761464,8,2.779908648557666,0
76.95073136017488,Drama,115.02537451771633,68.85445859590375,7,8.37411533849594,0
37.99209505360943,Horror,99.43213850768225,84.05059631774415,11,9.199766184166437,1
91.16643154162539,Drama,128.7395435826914,68.73464976472374,10,8.317782677024377,0
67.66035019518002,Sci-Fi,105.65133944159615,63.897331798218005,4,3.7459827119087397,0
209.9928958747805,Horror,92.66723136027079,25.67689316656368,1,6.27978711201071,0
57.286376780260056,Drama,116.35853773246302,60.02417702550259,3,9.23333634272105,0
28.469430329969335,Action,84.67426220942906,48.00252647586531,7,3.885982536005649,0
94.15817264015499,Comedy,67.81940625160746,94.11518761377519,11,8.380250400388825,1
51.771948815996794,Comedy,109.8723856108684,92.73930659956594,11,1.0852761813552687,0
66.63008169441453,Comedy,93.56465515722792,83.42942448783425,7,1.0328203250620864,0
20.699311838629825,Horror,103.64614118325376,62.03548804956039,11,7.837404943050707,1
103.0097301949026,Drama,85.83167704638876,86.65163690725844,3,7.85302823914409,1
45.220481934817386,Horror,140.22330349256424,89.00247268685689,1,8.100794690670643,1
81.36067769301086,Sci-Fi,93.46268140179654,67.78973653084451,10,9.370241540993462,0
244.50349787847284,Action,99.20001554572976,69.22508280324674,9,2.061156806382558,0
54.70663886195475,Action,119.44708168958086,67.21419589267784,12,3.087864864853195,0
112.95382662595797,Comedy,75.58464254193292,66.67227282857134,6,9.133524283364268,0
57.73935662278794,Comedy,73.73625566878239,56.270958858717776,12,2.595125779951181,0
38.441423359967025,Comedy,119.52382089233532,73.47071355646518,7,7.140063408189256,1
160.82359775039902,Drama,98.87630923844577,67.01594891407483,1,5.774167000367338,0
9.269420596349558,Sci-Fi,87.4626223276461,79.76114048697131,1,1.7487430916635653,0
133.40251350992312,Sci-Fi,125.08432932368301,77.24531934708514,4,3.5673729574737956,0
7.906890676788613,Sci-Fi,89.70195852230017,66.94136427409724,7,5.683349947968711,0
124.1993528419974,Sci-Fi,103.1371925112769,68.02750898170427,11,8.671151050154506,0
67.40644433002149,Comedy,87.59673830068718,80.78655771860845,11,7.367846406532063,1
28.542613961308547,Action,117.5859296562456,58.53727121020936,8,6.596948453094398,0
47.77906172747506,Comedy,143.30190481791936,89.53720328723529,10,5.464296009472733,1
108.75941833659678,Sci-Fi,63.474001766697135,81.59875310457804,9,3.6881558543272086,0
229.67363553055822,Comedy,112.81644221876614,83.36924730261002,1,2.0732042018733505,0
14.122055478033644,Sci-Fi,131.41471104715876,95.24282156443209,4,4.68168431109486,1
30.191316618196325,Horror,99.46305631735567,78.32476933732399,4,1.2566664452016332,1
18.864343944964588,Action,81.72394064260287,72.93634025570742,3,2.899503003401655,0
57.36965640658092,Horror,120.5240881781851,50.42765642219075,7,4.892350382853938,1
126.48472690084971,Drama,135.0413375844275,78.3256473250867,1,4.767446671047235,0
16.30011978036,Comedy,132.26305444113672,85.93828635782877,9,1.3986588789729315,0
66.04434262566417,Drama,119.14773344787068,74.23927532621812,8,6.301541381727621,0
123.75345387184939,Comedy,112.44784344021605,71.13224340162793,2,5.947158302679126,0
47.21367770334556,Horror,87.52468611539247,62.74480237156711,2,1.7029387361882156,1
77.4770793110498,Sci-Fi,131.63112375859856,93.87696665527271,8,9.488467472143954,1
153.00998309712614,Sci-Fi,130.2489203338127,83.60409244182776,11,1.894445010557741,0
25.243149590242982,Comedy,81.54854203361832,75.5830099786848,1,8.693507361136025,1
10.54260909347427,Sci-Fi,119.11199319616227,53.03400693941931,7,1.0027875872350536,0
84.57326017372628,Horror,126.32059688799464,88.48426819623755,9,8.940529855408448,1
86.28055007649301,Sci-Fi,132.05284430188766,66.53806062237982,12,1.177477589838813,0
44.53878382108685,Horror,108.12525952181949,52.30422714382195,3,7.820308287029044,1
37.50696617370972,Drama,88.5608106463464,80.70413641599417,7,4.2552173017022765,0
68.44588746975118,Horror,97.44709550339887,70.6423790292641,6,7.643951201226878,1
24.80803582490065,Action,84.81875353860096,79.96850969341843,7,4.615706848824806,0
24.846013724480272,Action,108.72348337212544,80.24735806996516,7,1.6381713009865755,0
108.2631561409623,Action,103.82786508578273,80.09153795014339,10,7.907560258558277,1
23.199771423499275,Comedy,163.62591051921768,81.49807942703447,1,1.6412741678922846,0
11.359917035211948,Comedy,132.36692856095328,95.3426025691464,3,9.299083923650961,1
37.44166619696543,Comedy,134.23870167222742,83.59441558297112,10,1.4587663221249523,0
45.44561411178644,Horror,121.78381227069322,75.75038972689404,1,5.313927499943639,1
93.48726485987207,Comedy,100.81705883328705,87.68042694712005,5,7.5073098776571605,1
40.32682069093168,Drama,103.11525102954815,67.44031745494264,3,4.539218183128339,0
170.39492387852422,Action,105.40326750458449,74.40203650858444,1,2.9551012713319125,0
71.17024509218342,Horror,114.70583181752835,93.2671329727394,2,7.831818652564244,1
33.032637392528315,Action,119.7292452555862,60.51669316064516,10,8.058652343098537,0
90.69080287202155,Comedy,110.01771569201304,50.92200437458454,5,9.304254855589305,0
168.39763287841595,Horror,102.73503806642167,60.83548703334001,11,4.3854859938796995,0
106.2127038623546,Sci-Fi,95.14710923780038,74.66219224757161,3,5.556265610475942,0
15.274379932396782,Drama,75.18378105541866,70.51579156907758,6,4.268155985614648,0
48.73929798412426,Comedy,142.0844791261663,73.29320567709287,9,3.3137363966623137,0
80.4395919270062,Comedy,165.13823920663535,65.25021525500522,6,7.7592966538384776,0
103.16217922511223,Drama,139.98341952320627,77.29465730760279,2,4.0568666051525994,0
57.646858527876866,Drama,78.52335935173134,76.35086872244203,2,4.853344977931169,0
51.44065924853419,Sci-Fi,129.67541424102228,84.09317466543787,8,4.63306291861625,1
208.98067702962118,Comedy,135.59440754052042,87.38759245581636,11,7.413951030820712,0
107.30646228581266,Comedy,99.91405753446605,72.37258152308603,8,9.260160634996119,0
90.89309612632731,Action,122.22318099097572,53.25646265649841,6,7.000804551766396,0
41.79239902552717,Horror,98.59242418693451,86.70751601513969,10,5.244243364848093,1
24.464771742568352,Horror,148.2232248703435,71.45610411358045,7,8.01284603264995,1
92.0353179475866,Action,119.13427305538285,49.99806861134991,1,6.768741917099238,0
115.52301707280617,Horror,87.07111271572379,90.37172032102708,12,1.5454932140603215,1
66.37810683485826,Drama,126.74520245023345,74.76263383530186,9,1.8609722777695747,0
107.50640905660477,Horror,136.46951683725618,90.02957203999752,5,1.3412524966627,1
109.42051604318424,Horror,114.95329127839689,76.6729109558165,9,5.111346935856878,1
120.82961159730644,Action,121.9860422935817,34.700402696009085,2,8.432680909050685,0
14.990123825404456,Sci-Fi,108.25616426928005,52.188682308857715,8,3.8177485241621687,0
49.877130463388504,Horror,81.64298867134416,77.4834441358116,7,4.457441647832335,1
96.00716642581355,Horror,106.20665603948731,71.55951709584802,11,9.185293975311016,1
69.2701425910637,Sci-Fi,123.07599082408895,83.737443335943,4,8.532131007849895,1
109.65713008746734,Action,106.79932830041905,73.76916256105835,3,6.98543301144304,0
90.8541375899849,Sci-Fi,130.01913566848978,76.13541302144803,4,3.4012340388302618,0
5.835590263631452,Action,100.1954609700604,93.25702225012807,4,2.0533733441959914,1
140.88886991243274,Drama,101.83522931372931,63.43940463908482,10,1.1445294041210234,0
44.8707541864949,Action,130.7779999498476,52.91592989820874,10,1.9630960534397879,0
31.30121447456763,Drama,115.54631292007612,88.42813572813871,8,3.6333679926154847,1
137.7475864440916,Drama,99.70696047111021,58.41322189213477,4,5.966110572215461,0
103.87421847523936,Action,135.8451344002156,35.14176228155025,5,1.5760007447714819,0
150.87806472303228,Comedy,92.7816070512368,69.07422543273049,2,2.226050004866041,0
81.08807240246034,Action,91.82627602456628,71.82059078745257,4,2.6297263207714696,0
49.35769840527237,Horror,39.263779723398144,87.41898617198318,7,6.687838836849756,1
74.3487350791678,Horror,96.15078628556381,63.88117490320595,3,6.54210819082112,1
26.386561080077104,Comedy,142.71791697305707,40.34394164700114,1,5.956891537349376,0
18.371106813554775,Drama,58.19268284568903,94.20384581111477,8,3.2545128222634565,1
39.16534071712685,Comedy,86.20199649426957,51.69591554130213,8,4.340077220968588,0
181.37245630243962,Horror,120.97671389725424,80.87453954805649,6,1.8702074470396872,1
42.64925841309845,Comedy,53.87833065268181,89.45535247960737,7,3.038145433822494,1
11.655257022013153,Action,97.23253466225589,76.25596750911924,10,9.079347038253225,1
58.93582787933422,Comedy,138.52158039026867,78.95970237182162,11,9.817225717922456,1
42.1723395468175,Drama,161.07564504622474,84.34122797094852,2,6.828936270762652,1
142.6176472028115,Action,117.25616414167581,72.36786773399515,5,9.251409628210782,0
172.9297787590038,Sci-Fi,86.83832454397208,92.50703436181959,12,6.784677103612826,1
47.51368409433225,Horror,85.99678153379294,91.19434169405679,7,1.298768374949229,1
81.03100815984558,Horror,113.6226992332726,74.65883541900837,9,9.970863264877682,1
86.04229228333165,Comedy,117.02408302912747,93.66177618216196,1,1.8905707151788143,0
64.18569856410093,Action,156.4482190014562,81.52370711448263,3,7.143776213005546,1
55.462582781572216,Sci-Fi,134.27012131343008,66.10753195397523,6,3.2755258276731105,0
29.422922190160268,Action,112.10266219721227,68.7626015501213,7,4.527830016162641,0
9.554360771929556,Horror,101.61981866851454,65.81736541606837,6,6.813407663208444,1
29.265220064832654,Action,185.36779273255524,89.4422092804488,1,4.928386143769363,1
62.450107101664834,Sci-Fi,125.66486999989739,69.68828502899407,4,3.2549145303801543,0
16.331042077496406,Comedy,93.28120716056137,79.515173193702,6,4.010015681904923,0
77.95292010906714,Drama,104.38442691021307,38.62371184213363,8,4.073933052308587,0
70.31209064708568,Action,88.0636314999225,82.51631789362102,10,9.633915140573924,1
42.23352949284991,Drama,49.88626185374026,79.34165226354318,4,8.187517143311059,1
53.59940523785138,Horror,117.81627478018306,54.465466065289334,7,5.126938943314601,1
19.55666561458592,Comedy,154.56135541393286,84.632933850547,11,2.798388283072277,0
119.34879640944689,Comedy,69.2360699438174,75.73246599659097,3,8.299144992363903,0
117.95821147385274,Action,111.38156489697545,77.88580664789627,8,2.4146422444753615,0
23.213333910903703,Comedy,92.32738052156007,62.89443565560128,1,2.894159954278031,0
23.87688605591069,Action,123.03756313924632,74.5202871941838,4,4.29412052656136,0
29.624849876296754,Action,105.69174608188585,40.485493079992125,8,8.923133762667911,0
99.39225875423446,Drama,75.99863363955997,53.762657672729745,10,2.1860800177069923,0
85.84663659159808,Comedy,85.47240715125662,93.32279151939966,4,2.1001077356907345,0
136.69319075866298,Action,89.2424867003948,56.91784162606142,2,5.445774894747394,0
147.13924462202257,Drama,143.6079551996802,64.11663890757818,2,3.487694869843072,0
14.738845046877655,Sci-Fi,142.33148192325376,86.27595433036363,4,6.118551474833438,1
96.9048395936193,Drama,102.21630282218256,75.38210048470789,4,5.0647301621490115,0
143.21472986701318,Drama,140.69508583628365,84.39561075496565,2,4.914631957160951,0
50.860306860591834,Action,105.67040401509564,95.33936887957482,7,2.0077567343829394,1
65.45781988396202,Horror,101.83343103874532,76.16568105076745,6,2.2694472122485614,1
58.062294610365484,Horror,111.42794601377938,59.41001926069356,11,8.38970719702165,1
60.105310445532766,Horror,117.12063196559092,61.65387672610937,3,8.9729446381457,1
119.0684359732048,Drama,96.11388017837496,48.4910590746246,8,3.112151795967252,0
203.9744770262975,Action,110.54664355455557,79.05120040124258,8,2.0211445137229216,0
166.47557573968692,Comedy,129.68306264116308,60.49494990326264,1,1.4807500474105955,0
43.920256766892564,Drama,113.23849098015117,79.63924567125368,3,6.474678523677071,1
81.21975330019231,Drama,111.069572553108,37.98268704672361,5,7.43817891250185,0
33.83119884211568,Action,122.35450535701987,69.0494137264021,2,4.35528990282885,0
36.98737111339574,Sci-Fi,126.66765152146523,84.37257032548735,12,7.117082807415756,1
63.25741908413632,Drama,108.43460453467694,95.00689539251994,12,7.416629340035735,1
36.115012832477106,Sci-Fi,98.14547357304627,73.09808289722558,5,9.418080532572148,1
40.97504035941597,Sci-Fi,114.73008258685589,77.8280276260327,11,1.5838627405159653,0
79.80940139303269,Horror,70.15090675441752,88.13489646110631,10,2.7306255090797182,1
95.94260391784032,Action,104.74195011240363,54.335303726156845,3,1.6167338883728932,0
94.13191238009544,Sci-Fi,48.21100229214348,76.6566247041953,9,8.811945400024996,1
94.79945166013522,Action,68.1052054140875,86.15474580424261,11,8.133284440302116,1
21.002567206699435,Horror,64.34535376458223,85.73371566098791,1,6.171778635596551,1
34.50850761225288,Action,136.18379356132627,58.46647353497206,4,1.7529706904606486,0
68.64502111638011,Drama,110.34954539923312,60.75011954533669,10,3.4598112278834767,0
138.84300951804576,Sci-Fi,78.44877441959164,77.52181428262755,6,3.6794786325266524,0
278.3998326719834,Action,122.27665108613391,82.81307405893119,9,6.046688764138754,0
83.61871680687658,Comedy,134.71636198416297,75.41551857583877,3,3.3223950463304392,0
111.30114244607098,Action,122.71213890368435,70.39836822104813,3,1.6566387752165936,0
18.68038355520771,Sci-Fi,105.28224678768535,71.023644083304,12,7.576860716679694,1
109.23243146826633,Horror,115.81216546048418,71.25760136633785,5,3.691721904898702,1
231.57233823505226,Horror,132.5374133285683,79.50062515657474,7,5.071367593209706,1
34.396421774415764,Sci-Fi,98.2688540584336,86.59394467899918,5,2.1489997148407483,0
42.124035899982644,Drama,110.74667308144564,76.40545573866491,11,8.222934730551216,1
121.6363363953758,Drama,103.57017388483922,74.58610964527401,8,6.089786892316519,0
67.98633213721055,Horror,69.66460368368786,77.80646521323132,5,9.114270635888765,1
8.552350662297568,Horror,132.91420451610753,75.53962387123597,7,5.459244067588,1
44.306575922356245,Sci-Fi,161.43179662485025,82.20345409604818,6,9.472831046360918,1
172.45570855105868,Drama,88.15513446897026,55.33625884166401,10,9.026813839431934,0
53.27377495066667,Horror,134.06700587215747,58.7253323371438,2,6.188138708133105,1
53.238330689599714,Drama,88.95015550595998,18.287100404630547,3,9.40504094334877,0
116.3770522913332,Horror,113.31969537692662,52.06693104291561,11,3.9077987256509705,0
85.8137621952138,Action,147.7003068447444,86.68972971779483,11,4.290779464337902,0
50.97977993002559,Comedy,96.98902536519722,80.39728222426547,4,1.4093015617543325,0
39.7853339109246,Action,109.63283964020316,42.12823495087463,5,6.302808160874678,0
364.35258114457827,Horror,64.96242508729809,81.6145959208295,9,7.4973157293604,1
153.81081943193297,Comedy,93.39489140134421,60.455975941620885,6,7.961672712178928,0
94.77445093016499,Comedy,62.343191949982355,89.39795349435987,1,2.3483465744149297,0
99.10870549282835,Horror,120.72945299687497,79.79745663932893,3,4.997431650812503,1
60.39582098799975,Horror,130.79093897378942,87.30362640032178,7,2.591768908845241,1
85.07214190071302,Drama,104.45912783572989,82.37191292628552,8,6.959146139688239,1
55.490043917416514,Horror,117.14717418141981,69.98108732888812,7,2.421517351795913,1
31.65722277767326,Sci-Fi,101.85673861873882,80.45756723729673,5,9.137473155604674,1
87.50085665134708,Horror,128.5136341468609,71.57625454498088,10,3.07571181095272,1
51.751373695827084,Sci-Fi,113.23654837812997,64.39019554964041,8,3.6226203965942037,0
90.79838840933246,Horror,60.35841610491102,76.37735497481712,9,8.658156899358996,1
103.17099033923911,Drama,133.4995204523205,56.03435895160985,7,5.126208491311514,0
94.23787887539099,Sci-Fi,100.26143013542116,57.17393360846494,11,1.2159635122006573,0
29.35867057237655,Action,78.24051321978989,78.60896472123551,9,5.451276260823812,1
47.35310720641217,Sci-Fi,99.02665069139992,72.68764305765103,1,1.7608900184211074,0
52.55984249066627,Drama,62.44825878633901,80.08752438374394,9,9.868102468185796,1
130.8201621143508,Sci-Fi,78.75276721902392,67.4823003505723,3,6.293004134100421,0
126.23198567454766,Horror,113.57374025288472,20.601863933792604,6,3.308793558498806,0
36.327509182386486,Horror,115.66779215851416,93.5600483600147,8,6.07345911592856,1
20.508176411779296,Drama,117.66097085637921,93.44048180101488,3,1.6918039304357935,1
286.90057757243676,Comedy,110.08024669408744,67.94576156637532,4,8.199021738419354,0
91.61714075257873,Horror,92.6783719131997,81.90304809436049,7,9.327952484777473,1
17.830952041265018,Action,108.63852151348587,54.605143463000736,12,8.869999493855435,0
41.54806510728574,Drama,99.06981382630286,96.22761025622515,7,4.075818420687066,1
134.54307561248794,Sci-Fi,69.35546004812039,67.09723960054387,4,3.9319130767903165,0
243.1209311886026,Sci-Fi,90.6896252247353,91.34347112896288,9,1.3157885009467,0
217.4720605382654,Action,132.2385307792256,62.95914170179162,3,6.8626032283082505,0
88.87811542930636,Horror,149.7073538013736,74.86569389102281,12,5.814143057708154,1
66.84112904254364,Drama,126.28187610296722,76.37187557921148,8,5.134117341946072,0
26.819714127010805,Action,148.59244402481033,85.89734928507931,8,9.168678580012363,1
71.1901518196594,Horror,112.13471525337395,95.2373489276409,4,2.510910109745617,1
30.296127500423907,Drama,153.55940211756348,86.71109744562693,7,1.086996400211641,0
47.73505086058285,Sci-Fi,161.3622110082145,82.38574480433847,4,1.6598480690868889,0
121.54870578613112,Drama,66.6632625490953,93.0579631758073,12,3.01034294044632,0
55.27004927547506,Comedy,115.53733267832082,45.18423148353352,1,1.2995699433711125,0
52.35796189734154,Drama,112.16075472718856,68.22540122834549,1,5.52559339578822,0
64.10757289278469,Comedy,99.39740461039753,90.90131625857053,1,3.8268140971022024,1
314.24172586660245,Drama,122.29788845378467,53.19285774984171,2,2.624347072613194,0
24.15342780676297,Comedy,111.02812671604693,69.55874022267984,6,7.750756674537959,1
82.23412202272792,Sci-Fi,91.61377699019891,66.36855622413876,12,2.8400619360927704,0
204.95954076373366,Horror,109.33487237407546,74.36067244497765,10,7.188445908944139,1
63.960979977355954,Comedy,140.11486448420976,78.57499898737409,11,4.14338415262875,0
151.9152210159071,Comedy,114.56345242206689,72.65180557418651,5,5.606449845962991,0
19.111726687108373,Sci-Fi,125.67386870640331,79.43046098757402,11,9.404803358661878,1
56.724543141348356,Comedy,103.07367249302271,85.66707274886767,2,1.3361647133423156,0
33.29937801957478,Action,121.30160025379037,45.57085060454649,8,5.502380567297157,0
63.4397825244326,Sci-Fi,79.76963673792051,74.30099498984418,9,8.689806642948565,1
64.47963787252691,Action,97.50698751450518,52.77646848615055,7,6.291768235333136,0
69.70806047587992,Sci-Fi,107.4332847858518,79.82277043547562,12,3.4918346526864097,0
120.77809235473401,Comedy,78.09160198433656,71.65235436060452,12,4.579130216305309,0
4.93410973716829,Action,89.2445820276932,80.27505646580491,9,7.122390658557171,1
39.988333411874784,Comedy,117.82779421434729,76.66469821965579,4,9.017307048824227,1
78.18334382006795,Sci-Fi,113.24579790720081,54.55409146531104,7,1.3695973637195045,0
9.131340384502897,Comedy,130.1591356164427,80.64966519290734,5,1.6438493970133878,0
104.06210357515205,Action,94.9872245453709,53.02916623821161,5,3.925463712486288,0
39.343753916663836,Action,111.44005565013104,73.25829373165138,3,3.095017159937311,0
57.584602860578855,Comedy,93.20331472790429,90.52987392133657,9,3.3843779760016544,1
124.54907935923612,Drama,127.65321372773316,81.4361953267867,10,2.9914299876329284,0
156.5494789626695,Sci-Fi,139.7686529006312,74.98484785237595,5,2.7624254396964196,0
106.28822807569166,Sci-Fi,122.08312068132007,74.03773708527861,6,2.175615701823626,0
23.48473379498582,Comedy,136.52985690691457,65.12243165991005,3,9.405587186157142,1
102.6153853495021,Drama,110.81249657219655,31.364778417152184,10,2.2977051751553774,0
107.47792371189394,Action,130.1398458748794,77.94483773885298,7,2.8396339728898257,0
93.1783253474152,Horror,111.8854435653115,81.89633655533699,9,3.2163915158270715,1
173.64468718086886,Horror,84.3767983353558,45.985550350296315,9,9.397133858173785,1
71.08982312160963,Comedy,116.16803471746516,76.7077882234568,10,7.801427202409763,1
169.24771196941373,Drama,85.11758265523727,83.72272813227994,10,8.107294872839631,0
168.56735016556283,Drama,168.47822378922277,43.7435906563518,5,1.9428243358464825,0
109.59057320687846,Sci-Fi,101.64779603061663,84.54364974124836,7,8.526788875141044,1
83.18445758627719,Action,126.12594638622494,47.39784435482007,12,4.673737736356761,0
93.55999613723353,Drama,109.68966951186013,56.20733885733744,12,3.3654072359114986,0
198.62098113881487,Horror,79.15966439910235,61.237039905930004,3,6.181750751682795,1
138.72220342668953,Action,62.536924248385716,74.29832705933497,6,8.399646152350606,0
26.2989028153954,Action,128.72534887685327,70.94472444192624,12,8.007869359674185,1
89.39911764271883,Comedy,148.73352316927648,81.06939205461703,8,9.009977343230188,1
31.775945111444983,Drama,91.62990731974104,78.79017647173015,8,9.353189674138996,1
38.344345976365105,Comedy,68.58268701101025,94.47773034138103,2,3.143098642849746,1
49.305694064971746,Drama,101.87093168945938,63.351215993792266,6,4.814721047523445,0
17.23848736301833,Sci-Fi,86.57207386903167,60.757736806948806,7,1.1316568528456301,0
29.918909713549475,Comedy,93.74210800344767,24.881078030551983,12,8.91389493338554,0
179.9227508667285,Comedy,125.25934249313212,51.06060553792814,7,2.391149363272908,0
38.13950753650473,Horror,108.73842381492905,83.1693197957858,3,8.753273311084248,1
121.24639305112369,Comedy,89.26231102794956,89.16607330835856,9,3.964485897879367,0
75.9399517033731,Drama,124.71251965652988,78.4568207765342,2,4.313202309830244,0
99.51192526543296,Horror,126.67180862689477,92.95702389908224,11,1.3521902903547343,1
102.50760472998397,Comedy,101.57356284888436,54.085927740557814,3,3.9419091078878763,0
28.706948076974474,Comedy,113.4479130229515,63.98217478326558,11,8.995273145211378,0
120.75839590118063,Sci-Fi,123.01254707692436,58.371563162125796,2,1.2299266100944373,0
21.125677530074217,Comedy,120.65257827458493,85.58675432326265,11,4.656947257420528,1
36.770548253985645,Action,111.01535217413831,79.6937572430079,9,1.2825966683146701,0
101.46537777277393,Horror,145.8146529556324,59.377983047987314,4,4.338310825981584,1
26.970306660521537,Action,124.56702032537964,74.62711440647851,2,2.553765767022621,0
8.00047736770215,Horror,98.73302458755668,84.75587729474124,3,3.2699655394153484,1
86.40164000689673,Sci-Fi,98.88327330752738,94.39831218894679,4,8.89838535845277,1
14.11176051746587,Comedy,96.04784124658316,79.61758210190546,10,4.924442985597019,1
108.246711334534,Comedy,125.80302368069528,85.68193828217761,6,3.4641819226172097,0
52.253901953164444,Comedy,94.43131099995233,92.48866713793909,5,6.30404540155493,1
85.50900567957329,Horror,99.37752276992984,30.85452575487398,3,2.2789626384932413,0
84.36188197106605,Comedy,136.4505597028953,80.21081448102447,10,3.3345244667877028,0
113.88084263148853,Action,114.79079905168473,71.43003368003247,8,5.916231708425997,0
103.55964039500145,Comedy,139.9633156780297,75.83573503118373,8,3.1377073766326196,0
26.741355112328616,Sci-Fi,129.95149683380856,70.86156497114344,7,7.112149636607859,0
54.84005551992727,Action,80.58320427324841,64.80141952006282,3,5.4234217203357025,0
85.43599120955236,Comedy,107.44667354398247,63.79216355303864,1,7.947901632292218,0
171.26491437005595,Comedy,134.74872599921355,32.03939026252714,5,9.534200821502218,0
104.22607907279927,Drama,79.44559837122469,44.64920886906356,1,2.04224400412667,0
